tweet_id,confidence_score,label
1086157191487336448,1.0,non-depressed
1169472615796416512,0.659,non-depressed
1248287779236315136,0.667,mild
1254346956391936000,0.663,mild
1265510664061231104,0.674,mild
1268533414782816256,1.0,non-depressed
1298153678432608256,0.674,non-depressed
1308782399761850368,0.659,mild
1310238153341427712,0.682,mild
1325433976631095296,1.0,non-depressed
1340532587912069120,0.659,moderate
1353679050233978880,1.0,non-depressed
1368067865706778624,0.663,moderate
1369121833153421312,1.0,severe
1391823890670755840,1.0,non-depressed
1408162421257220096,1.0,non-depressed
1414250446986829824,0.659,moderate
1415710044998574080,0.667,moderate
1415755340696768512,0.647,mild
1417745173505773568,0.67,mild
1420460471682052096,1.0,non-depressed
1423432058702082048,1.0,non-depressed
1424218803022405632,0.67,non-depressed
1424353790023507968,1.0,non-depressed
1424521531665879040,0.663,non-depressed
1424732083851874304,1.0,non-depressed
1426621480754810880,1.0,non-depressed
1430455308149825536,1.0,non-depressed
1433251715776663552,0.667,mild
1433788888686886912,0.679,non-depressed
1434524705634066432,1.0,non-depressed
1435011049179258880,0.667,non-depressed
1437138261151977472,0.667,non-depressed
1437182830518448128,0.667,moderate
1437476940122820608,1.0,moderate
1438644380286414848,0.667,mild
1438962285129740288,0.674,non-depressed
1438969745198534656,0.67,mild
1439789255312609280,1.0,non-depressed
1440090429723185152,0.671,moderate
1440136738127634432,1.0,non-depressed
1441489263099584512,0.663,non-depressed
1441760398659686400,0.667,mild
1441800243918561280,1.0,non-depressed
1444472580065435648,1.0,non-depressed
1444472631336452096,1.0,non-depressed
1444476836684120064,0.67,non-depressed
1444701362399457280,1.0,moderate
1444722984078299136,1.0,non-depressed
1444724825683988480,1.0,non-depressed
1444831638022762496,0.678,mild
1444837773286916096,0.659,mild
1444839362705854464,0.659,non-depressed
1444844588976328704,1.0,non-depressed
1444857694695854080,1.0,non-depressed
1444864573736202240,1.0,non-depressed
1444870487788728320,0.67,moderate
1444946189095477248,1.0,non-depressed
1444955967569993728,1.0,non-depressed
1444959075263942656,0.667,moderate
1444976304693002240,1.0,non-depressed
1444978746910552064,0.67,non-depressed
1445000228378009600,1.0,non-depressed
1445043455038787584,1.0,non-depressed
1445050842093137920,0.682,non-depressed
1445058639618846720,1.0,mild
1445068460938219520,0.667,mild
1445068679390052352,1.0,mild
1445071727051018240,1.0,non-depressed
1445074028570419200,0.659,mild
1445085414243536896,1.0,non-depressed
1445087478306721792,0.663,non-depressed
1445090631773134848,1.0,non-depressed
1445093067615244288,1.0,non-depressed
1445096848713084928,1.0,non-depressed
1445099450016337920,0.667,non-depressed
1445100663827017728,0.674,mild
1445101980234440704,1.0,non-depressed
1445102535128330240,1.0,non-depressed
1445104134277971968,0.67,mild
1445108825640550400,1.0,mild
1445111694783516672,0.659,non-depressed
1445112474466930688,0.67,non-depressed
1445112657883930624,1.0,non-depressed
1445115315684356096,1.0,non-depressed
1445115435855323136,0.686,non-depressed
1445116575980400640,0.69,non-depressed
1445118853932007424,1.0,non-depressed
1445119359127629824,1.0,non-depressed
1445119692969025536,1.0,non-depressed
1445126319780634624,0.67,non-depressed
1445127132204634112,1.0,non-depressed
1445137087137828864,1.0,mild
1445138085952385024,1.0,non-depressed
1445141390581719040,1.0,non-depressed
1445143349346832384,0.667,non-depressed
1445144160663703552,0.663,mild
1445147786736021504,1.0,non-depressed
1445147980068237312,0.659,severe
1445150414442319872,0.655,non-depressed
1445150975556210688,1.0,non-depressed
1445152176914014208,1.0,non-depressed
1445152573317521408,1.0,non-depressed
1445155953456914432,1.0,mild
1445157140340031488,1.0,non-depressed
1445158247690907648,0.659,non-depressed
1445160192103047168,0.678,non-depressed
1445161903278415872,1.0,non-depressed
1445162705376133120,1.0,non-depressed
1445164134442602496,0.655,non-depressed
1445165834855387136,1.0,non-depressed
1445165949682962432,1.0,non-depressed
1445165950094004224,0.674,non-depressed
1445166805631201280,1.0,non-depressed
1445167022468390912,0.674,non-depressed
1445168891936784384,0.667,non-depressed
1445169934229774336,1.0,non-depressed
1445169992979320832,0.67,non-depressed
1445170587278745600,1.0,non-depressed
1445171233834901504,1.0,non-depressed
1445174561482412032,1.0,non-depressed
1445176855175340032,0.686,non-depressed
1445177027204730880,1.0,non-depressed
1445177669809737728,1.0,non-depressed
1445179679997104128,1.0,mild
1445179827892355072,1.0,non-depressed
1445179949011374080,0.663,non-depressed
1445180335734632448,0.663,moderate
1445182712885780480,0.659,non-depressed
1445185053315768320,0.667,non-depressed
1445185303132528640,0.674,mild
1445185590018859008,1.0,non-depressed
1445191118140891136,1.0,non-depressed
1445191654000922624,1.0,non-depressed
1445192290436272128,0.667,non-depressed
1445192520447713280,0.674,non-depressed
1445192812585123840,1.0,non-depressed
1445194130620100608,0.663,non-depressed
1445194152619171840,0.686,non-depressed
1445196295434645504,1.0,non-depressed
1445196317253378048,1.0,moderate
1445197872417419264,1.0,non-depressed
1445198324697427968,1.0,mild
1445199145199972352,1.0,non-depressed
1445200984196763648,1.0,non-depressed
1445201257082195968,1.0,non-depressed
1445205838944034816,1.0,non-depressed
1445207076435865600,1.0,non-depressed
1445207390446518272,1.0,non-depressed
1445207750389075968,0.67,mild
1445209254730682368,0.667,mild
1445210719490826240,1.0,mild
1445212685176561664,1.0,non-depressed
1445215459322761216,1.0,non-depressed
1445216052883951616,1.0,non-depressed
1445217307530305536,1.0,non-depressed
1445217647172349952,0.667,mild
1445218077638070272,1.0,non-depressed
1445218754120531968,0.659,mild
1445218859863224320,1.0,non-depressed
1445219380153835520,0.667,moderate
1445220806284353536,1.0,non-depressed
1445221708361764864,0.667,mild
1445222692660019200,1.0,non-depressed
1445222884197154816,1.0,non-depressed
1445228688879063040,1.0,non-depressed
1445229459393613824,0.659,mild
1445230682427568128,0.686,mild
1445230746143125504,0.663,non-depressed
1445232387760209920,1.0,non-depressed
1445234564289466368,1.0,non-depressed
1445237285297983488,0.682,non-depressed
1445237987739115520,0.678,non-depressed
1445239477832753152,0.674,moderate
1445239617159110656,0.663,moderate
1445239620036345856,1.0,non-depressed
1445243247656255488,0.663,mild
1445243631435071488,0.663,non-depressed
1445243986826907648,0.663,non-depressed
1445245063538176000,0.659,moderate
1445247847687929856,1.0,non-depressed
1445248316560785408,0.667,non-depressed
1445249412503121920,1.0,non-depressed
1445249447605178368,1.0,non-depressed
1445252442338250752,0.67,moderate
1445252750384803840,1.0,non-depressed
1445253466100731904,0.659,non-depressed
1445254668469293056,1.0,mild
1445255866291089408,0.659,non-depressed
1445257160967983104,1.0,moderate
1445257928433410048,1.0,non-depressed
1445258215042830336,1.0,non-depressed
1445259728066547712,1.0,non-depressed
1445260683164139520,0.678,non-depressed
1445262911363031040,0.686,mild
1445264226897985536,1.0,non-depressed
1445266567223205888,0.674,severe
1445267745465978880,0.674,mild
1445268003499626496,0.667,non-depressed
1445271176981278720,1.0,non-depressed
1445271670982316032,0.686,non-depressed
1445273806394773504,1.0,non-depressed
1445273905027944448,0.67,non-depressed
1445274023244574720,1.0,mild
1445274390350925824,1.0,non-depressed
1445289884076314624,1.0,non-depressed
1445298154623078400,1.0,severe
1445301350879932416,1.0,non-depressed
1445304827580489728,0.651,mild
1445309673020829696,1.0,non-depressed
1445310449839337472,0.655,non-depressed
1445311632683450368,1.0,non-depressed
1445318108378456064,1.0,non-depressed
1445318142243246080,1.0,non-depressed
1445318366453977088,1.0,non-depressed
1445339671744192512,0.659,moderate
1445340378522079232,0.675,mild
1445344042120716288,0.678,mild
1445345870212386816,0.663,mild
1445345915724836864,1.0,non-depressed
1445346781978456064,1.0,non-depressed
1445347362671501312,1.0,non-depressed
1445348929428672512,1.0,non-depressed
1445349014514307072,1.0,non-depressed
1445350348043005952,1.0,non-depressed
1445351611740704768,0.663,mild
1445353647030800384,0.651,non-depressed
1445356408615026688,1.0,non-depressed
1445357815560765440,1.0,non-depressed
1445357872708161536,0.686,mild
1445358091583774720,0.659,non-depressed
1445358601657323520,1.0,moderate
1445359511947161600,1.0,non-depressed
1445362646417608704,0.659,mild
1445365049233641472,0.663,non-depressed
1445365823980412928,0.663,mild
1445367097664573440,0.67,non-depressed
1445367796871933952,1.0,non-depressed
1445368621128052736,1.0,non-depressed
1445369554528608256,1.0,non-depressed
1445373164821811200,0.659,non-depressed
1445376178261532672,1.0,non-depressed
1445378887383408640,1.0,non-depressed
1445379250001829888,0.663,mild
1445380468589793280,1.0,non-depressed
1445380517591851008,1.0,non-depressed
1445383740549705728,1.0,non-depressed
1445384061841641472,1.0,non-depressed
1445386968930603008,1.0,non-depressed
1445388179381620736,0.674,non-depressed
1445389412716711936,1.0,non-depressed
1445400210650406912,1.0,non-depressed
1445400298403647488,1.0,non-depressed
1445401199986061312,1.0,non-depressed
1445401868230930432,1.0,non-depressed
1445404304223899648,1.0,non-depressed
1445405528977457152,0.667,severe
1445405902744522752,1.0,non-depressed
1445406832109948928,0.674,non-depressed
1445407012523757568,1.0,non-depressed
1445407520378523648,1.0,non-depressed
1445409758001958912,1.0,non-depressed
1445411279045373952,0.67,mild
1445411806525067264,1.0,non-depressed
1445412306427387904,1.0,non-depressed
1445412690130837504,0.667,non-depressed
1445412821483786240,0.674,non-depressed
1445413221347704832,0.674,mild
1445413464554364928,1.0,mild
1445414160079089664,1.0,non-depressed
1445416506519588864,1.0,non-depressed
1445417025120133120,1.0,non-depressed
1445419375381684224,0.655,mild
1445419594986971136,1.0,non-depressed
1445419823626784768,1.0,non-depressed
1445422373260365824,0.67,non-depressed
1445423470825771008,1.0,non-depressed
1445423535757795328,1.0,non-depressed
1445423585057718272,1.0,non-depressed
1445423999601627136,1.0,non-depressed
1445424593557090304,1.0,non-depressed
1445425191941779456,0.651,severe
1445426105939337216,1.0,non-depressed
1445427491762434048,1.0,non-depressed
1445431182213087232,0.659,mild
1445437850670010368,1.0,non-depressed
1445438306414518272,1.0,non-depressed
1445438947014807552,0.659,mild
1445440221445828608,1.0,mild
1445440966928867328,0.655,non-depressed
1445441460761923584,0.655,moderate
1445443186802020352,0.655,non-depressed
1445443205047074816,0.674,non-depressed
1445443344000339968,0.663,mild
1445444386838302720,0.663,mild
1445447256300310528,1.0,non-depressed
1445449324603666432,1.0,non-depressed
1445449541113712640,0.674,non-depressed
1445449834098429952,1.0,non-depressed
1445454379276931072,1.0,non-depressed
1445456244349620224,1.0,non-depressed
1445459758941556736,1.0,non-depressed
1445463988788211712,0.67,mild
1445464367856857088,1.0,non-depressed
1445464560949891072,1.0,non-depressed
1445465089864134656,1.0,non-depressed
1445467525932740608,0.682,severe
1445467621688692736,0.674,moderate
1445468917716054016,1.0,non-depressed
1445469325352058880,1.0,non-depressed
1445470256055554048,1.0,non-depressed
1445472320571592704,1.0,non-depressed
1445473598085287936,0.667,non-depressed
1445473699973320704,1.0,non-depressed
1445475991472775168,1.0,non-depressed
1445476055175741440,0.667,non-depressed
1445477841877962752,1.0,moderate
1445478104332374016,1.0,non-depressed
1445478600782671872,0.663,mild
1445479363789611008,1.0,mild
1445480337774051328,0.663,mild
1445481620627083264,1.0,non-depressed
1445483947899559936,1.0,non-depressed
1445487593685012480,0.667,mild
1445490488698568704,0.682,non-depressed
1445490632240205824,1.0,non-depressed
1445492243641475072,1.0,non-depressed
1445502442716676096,0.667,non-depressed
1445503130607652864,1.0,mild
1445506299651768320,0.678,mild
1445509334985678848,0.686,non-depressed
1445511508356583424,1.0,non-depressed
1445511866986369024,1.0,non-depressed
1445511886426890240,1.0,non-depressed
1445512905764474880,0.675,non-depressed
1445514137258188800,0.663,mild
1445516302890717184,1.0,non-depressed
1445516613772472320,0.674,non-depressed
1445517775766622208,0.659,non-depressed
1445520208194457600,1.0,non-depressed
1445521432708988928,0.659,non-depressed
1445521675202674688,1.0,non-depressed
1445527044666757120,0.667,non-depressed
1445527528383213568,1.0,non-depressed
1445529464797024256,1.0,non-depressed
1445531771982925824,1.0,non-depressed
1445532381385920512,1.0,non-depressed
1445533323384791040,1.0,non-depressed
1445533977847091200,0.678,mild
1445534842129690624,1.0,non-depressed
1445537137219223552,0.682,non-depressed
1445541138715213824,1.0,non-depressed
1445543699211898880,0.69,mild
1445544693576593408,1.0,non-depressed
1445546440109871104,0.647,moderate
1445547637512486912,1.0,non-depressed
1445552896041422848,0.667,non-depressed
1445553261377835008,1.0,non-depressed
1445553488612794368,0.67,non-depressed
1445554242467545088,1.0,non-depressed
1445554401062494208,0.663,non-depressed
1445554846237528064,1.0,non-depressed
1445555878665469952,1.0,non-depressed
1445556266378547200,0.659,moderate
1445556390685151232,1.0,non-depressed
1445562074789076992,1.0,non-depressed
1445562706552147968,1.0,non-depressed
1445564209601736704,0.67,non-depressed
1445565354705494016,1.0,non-depressed
1445567338154135552,1.0,non-depressed
1445568710677352448,0.67,mild
1445569728232116224,0.667,mild
1445570997571121152,1.0,mild
1445571119797313536,0.675,non-depressed
1445571369492570112,1.0,non-depressed
1445571556407582720,1.0,non-depressed
1445573997324914688,0.674,mild
1445574798638125056,0.663,non-depressed
1445576357463801856,1.0,non-depressed
1445577643483545600,1.0,non-depressed
1445577877265788928,0.659,moderate
1445578605371617280,1.0,non-depressed
1445579008519905280,1.0,non-depressed
1445579497814708224,0.67,mild
1445580132345958400,0.667,non-depressed
1445580728721240064,1.0,non-depressed
1445580972179681280,0.667,non-depressed
1445581174261395456,0.659,non-depressed
1445582664086343680,1.0,mild
1445583333648334848,1.0,non-depressed
1445584010122563584,0.667,non-depressed
1445584239919972352,1.0,non-depressed
1445584882676035584,1.0,non-depressed
1445585792353464320,1.0,non-depressed
1445587470205300736,1.0,non-depressed
1445587506758438912,0.663,mild
1445588241743290368,1.0,non-depressed
1445588802534199296,0.682,mild
1445590165133561856,0.67,non-depressed
1445592525994020864,0.667,non-depressed
1445593232436391936,1.0,non-depressed
1445594352932241408,1.0,non-depressed
1445598744787898368,1.0,non-depressed
1445599324516192256,0.667,non-depressed
1445600268301705216,0.667,non-depressed
1445600281463427072,0.663,non-depressed
1445600596732493824,0.651,mild
1445601833498591232,0.67,mild
1445606496104955904,0.674,non-depressed
1445607482991136768,1.0,non-depressed
1445610680246099968,1.0,non-depressed
1445610999738867712,1.0,non-depressed
1445611195931709440,1.0,non-depressed
1445616244451803136,0.667,non-depressed
1445616681322225664,1.0,non-depressed
1445624292062883840,1.0,non-depressed
1445625255238770688,1.0,non-depressed
1445630184158158848,0.663,moderate
1445631264497803264,1.0,non-depressed
1445632693018849280,1.0,non-depressed
1445634887122227200,0.67,non-depressed
1445635681544392704,1.0,non-depressed
1445636569138810880,0.678,non-depressed
1445640087958540288,0.655,mild
1445642137320579072,0.659,non-depressed
1445642438740045824,0.667,non-depressed
1445644983420129280,0.655,mild
1445647776209989632,0.667,mild
1445650565245984768,1.0,non-depressed
1445650827071348736,1.0,non-depressed
1445655656355098624,1.0,non-depressed
1445655689385312256,1.0,non-depressed
1445660099343704064,0.686,non-depressed
1445660487270625280,1.0,non-depressed
1445660894969671680,1.0,non-depressed
1445663321860947968,1.0,non-depressed
1445664990350827520,1.0,non-depressed
1445667671102554112,1.0,non-depressed
1445670456984367104,1.0,non-depressed
1445671142170116096,0.667,mild
1445678745851875328,1.0,non-depressed
1445679205786738688,0.674,non-depressed
1445680345123151872,1.0,non-depressed
1445680861429436416,0.674,non-depressed
1445683915818029056,0.678,non-depressed
1445687049235828736,0.674,non-depressed
1445688108666671104,0.674,non-depressed
1445689360842584064,0.663,mild
1445689865937555456,0.663,moderate
1445692118232559616,0.667,non-depressed
1445694327133401088,1.0,non-depressed
1445697480360927232,1.0,non-depressed
1445698247511605248,0.67,non-depressed
1445699014049992704,1.0,non-depressed
1445701639659081728,1.0,non-depressed
1445704657544925184,0.674,non-depressed
1445708047846830080,1.0,non-depressed
1445709532508745728,1.0,non-depressed
1445711675412258816,1.0,non-depressed
1445713935647268864,1.0,non-depressed
1445714447713058816,0.667,non-depressed
1445714845588856832,0.651,non-depressed
1445715016687226880,1.0,non-depressed
1445715069979881472,0.663,non-depressed
1445715544007589888,1.0,non-depressed
1445717545101766656,0.651,severe
1445718197747994624,0.67,mild
1445719265739513856,0.682,non-depressed
1445720087126806528,1.0,non-depressed
1445720700329857024,1.0,non-depressed
1445722308962705408,1.0,non-depressed
1445723222197035008,0.667,mild
1445723634174238720,0.679,non-depressed
1445723910087987200,0.67,non-depressed
1445724621484007424,0.667,non-depressed
1445724663569698816,0.675,non-depressed
1445725242777694208,1.0,non-depressed
1445725512551186432,1.0,non-depressed
1445727404694114304,1.0,non-depressed
1445728462216433664,1.0,severe
1445732936825835520,0.663,mild
1445733291852812288,1.0,non-depressed
1445734999743942656,1.0,moderate
1445736546066259968,1.0,mild
1445736849700319232,1.0,non-depressed
1445737117989101568,1.0,non-depressed
1445737316618850304,1.0,non-depressed
1445741380932755456,1.0,non-depressed
1445742883005337600,0.659,mild
1445744910817103872,1.0,non-depressed
1445748246341693440,1.0,non-depressed
1445748486348095488,0.667,non-depressed
1445749323074097152,0.675,non-depressed
1445751558788943872,1.0,non-depressed
1445754757356744704,1.0,non-depressed
1445755658788163584,1.0,non-depressed
1445756811823308800,1.0,non-depressed
1445756915775070208,0.667,mild
1445757710079696896,1.0,non-depressed
1445758233298145280,0.674,moderate
1445759185954639872,0.663,non-depressed
1445760003927855104,0.686,non-depressed
1445768106966544384,1.0,non-depressed
1445768135903121408,0.659,mild
1445771934751285248,1.0,non-depressed
1445772547966980096,0.663,non-depressed
1445774426633424896,1.0,non-depressed
1445777171084054528,0.667,mild
1445777184518402048,1.0,non-depressed
1445778189209399296,1.0,non-depressed
1445778329404018688,0.67,non-depressed
1445782302299148288,0.659,moderate
1445783789029019648,1.0,non-depressed
1445785591266828288,1.0,non-depressed
1445785640361095168,0.659,severe
1445786318387118080,1.0,non-depressed
1445786788841209856,0.667,non-depressed
1445787819163668480,0.663,non-depressed
1445788055336587264,1.0,non-depressed
1445788461810733056,1.0,non-depressed
1445789383500599296,1.0,non-depressed
1445790073329442816,1.0,non-depressed
1445791190721380352,0.674,non-depressed
1445791772203003904,0.69,non-depressed
1445792755087667200,1.0,non-depressed
1445792802751885312,1.0,non-depressed
1445794446721773568,1.0,non-depressed
1445794548119048192,0.659,mild
1445794720777527296,0.651,non-depressed
1445794921068343296,0.67,non-depressed
1445795211347734528,1.0,non-depressed
1445797181122883584,0.674,non-depressed
1445798276578648064,0.663,non-depressed
1445798515347652608,1.0,non-depressed
1445799993437134848,1.0,non-depressed
1445800255748927488,1.0,non-depressed
1445801288176914432,1.0,non-depressed
1445805198547382272,0.69,moderate
1445805517008302080,1.0,mild
1445805566576758784,1.0,non-depressed
1445805899033972736,0.663,mild
1445806285505634304,1.0,non-depressed
1445806791829245952,0.675,non-depressed
1445808371253219328,1.0,non-depressed
1445808861693288448,1.0,non-depressed
1445808969826639872,1.0,non-depressed
1445810006100615168,1.0,moderate
1445810436079710208,0.651,non-depressed
1445811070157799424,1.0,non-depressed
1445811391278030848,1.0,non-depressed
1445813879141851136,1.0,non-depressed
1445816374169935872,0.663,non-depressed
1445817444145139712,1.0,non-depressed
1445817505868566528,1.0,non-depressed
1445821935766605824,1.0,non-depressed
1445822034898931712,1.0,non-depressed
1445822410813489152,1.0,non-depressed
1445822426491674624,1.0,non-depressed
1445823810037501952,1.0,non-depressed
1445824051595853824,1.0,non-depressed
1445824904717295616,0.663,non-depressed
1445825246733295616,1.0,non-depressed
1445825858959147008,1.0,non-depressed
1445827901727797248,0.663,severe
1445828249729257472,1.0,non-depressed
1445828548850339840,0.686,non-depressed
1445829826137497600,0.667,moderate
1445830516733796352,0.667,mild
1445832200214220800,1.0,non-depressed
1445832524521897984,1.0,non-depressed
1445833039779598336,0.667,non-depressed
1445833479594283008,0.667,mild
1445835314145021952,0.682,severe
1445835653858660352,1.0,non-depressed
1445835670392492032,1.0,non-depressed
1445837298017263616,1.0,non-depressed
1445838025473232896,1.0,non-depressed
1445838123875905536,0.674,mild
1445849059567276032,1.0,non-depressed
1445849250491895808,1.0,non-depressed
1445849265205432320,1.0,non-depressed
1445850660931440640,1.0,non-depressed
1445851988021874688,0.651,non-depressed
1445854014256689152,0.659,mild
1445855119195652096,0.663,non-depressed
1445856444587327488,0.674,mild
1445857176917008384,1.0,non-depressed
1445858618503434240,1.0,non-depressed
1445861315218640896,1.0,non-depressed
1445861696568918016,1.0,non-depressed
1445863487654309888,0.678,non-depressed
1445863857809887232,1.0,non-depressed
1445863936042012672,1.0,non-depressed
1445865109184659456,1.0,non-depressed
1445865185621602304,1.0,severe
1445866776395345920,0.667,non-depressed
1445867020566900736,1.0,non-depressed
1445867419822706688,0.67,mild
1445867611762434048,1.0,non-depressed
1445867707841200128,1.0,non-depressed
1445869724114374656,0.659,non-depressed
1445871308206641152,1.0,non-depressed
1445871926312833024,1.0,non-depressed
1445872133851078656,1.0,non-depressed
1445873472345837568,1.0,non-depressed
1445873600301441024,0.659,mild
1445873709382705152,0.67,mild
1445874324469133312,1.0,non-depressed
1445875214831824896,1.0,non-depressed
1445883216146190336,0.67,non-depressed
1445883354633678848,1.0,non-depressed
1445883946827456512,1.0,non-depressed
1445884958640197632,0.675,non-depressed
1445885366624346112,1.0,non-depressed
1445887195621982208,0.659,mild
1445887325527896064,0.663,mild
1445888364356378624,1.0,moderate
1445888860182007808,0.69,mild
1445890268620787712,0.674,non-depressed
1445890397276835840,0.674,non-depressed
1445890646196244480,0.674,non-depressed
1445891177723703296,1.0,non-depressed
1445891475779227648,1.0,non-depressed
1445892711932911616,0.674,non-depressed
1445892788629880832,0.647,mild
1445892798733946880,1.0,non-depressed
1445892852358074368,0.675,non-depressed
1445893220089536512,1.0,non-depressed
1445893632125509632,1.0,non-depressed
1445893983645863936,1.0,non-depressed
1445894096892145664,0.69,non-depressed
1445894950026022912,1.0,non-depressed
1445895080309575680,1.0,non-depressed
1445895976481435648,0.678,non-depressed
1445896396104605696,1.0,non-depressed
1445896547737034752,1.0,non-depressed
1445899726453313536,1.0,non-depressed
1445899880191303680,1.0,mild
1445900498096242688,1.0,non-depressed
1445901142769217536,1.0,non-depressed
1445901831679483904,1.0,moderate
1445901968644390912,1.0,non-depressed
1445901978861768704,1.0,non-depressed
1445902545092812800,0.667,mild
1445903004071337984,0.663,non-depressed
1445903077786148864,1.0,non-depressed
1445904563538587648,0.674,non-depressed
1445906181889794048,0.663,moderate
1445907557873246208,1.0,non-depressed
1445908073604866048,0.659,non-depressed
1445908588854009856,0.686,non-depressed
1445908840474558464,0.667,mild
1445909265462423552,1.0,non-depressed
1445909782251155456,1.0,non-depressed
1445909932822302720,1.0,non-depressed
1445911217529233408,0.667,non-depressed
1445911760477691904,1.0,non-depressed
1445912596964589568,1.0,non-depressed
1445912885830602752,1.0,non-depressed
1445913761534013440,0.659,non-depressed
1445913811869970432,1.0,non-depressed
1445914071077900288,1.0,non-depressed
1445914516475166720,0.67,non-depressed
1445915669124554752,1.0,non-depressed
1445916088244473856,1.0,non-depressed
1445916251612581888,1.0,non-depressed
1445916898953101312,1.0,non-depressed
1445918893810274304,0.663,moderate
1445919598717677568,1.0,non-depressed
1445920302840487936,1.0,non-depressed
1445920603614109696,0.682,non-depressed
1445921475693789184,0.663,mild
1445922366559821824,0.663,mild
1445923574653521920,0.674,non-depressed
1445924578543423488,1.0,non-depressed
1445925198935601152,0.647,moderate
1445925478120910848,1.0,non-depressed
1445925957265657856,1.0,non-depressed
1445926176753655808,1.0,non-depressed
1445926359373529088,0.663,mild
1445927180601544704,0.663,moderate
1445928090539069440,1.0,non-depressed
1445928204267556864,0.67,moderate
1445928748340047872,0.659,moderate
1445929612676976640,0.667,non-depressed
1445929999060676608,1.0,non-depressed
1445930476036771840,1.0,non-depressed
1445930628378083328,0.674,non-depressed
1445933121669578752,0.674,mild
1445933494912311296,1.0,mild
1445934473468694528,1.0,non-depressed
1445936049155358720,0.67,mild
1445936219746152448,1.0,non-depressed
1445936689327792128,0.667,non-depressed
1445936755601915904,0.674,non-depressed
1445936840557617152,0.667,mild
1445936923655221248,1.0,non-depressed
1445937728416321536,1.0,non-depressed
1445938308723486720,0.678,moderate
1445938618170855424,1.0,non-depressed
1445939627664154624,1.0,non-depressed
1445939707146342400,1.0,non-depressed
1445941356506095616,0.67,moderate
1445941862217355264,0.663,mild
1445942896570474496,0.663,mild
1445942941944516608,0.655,non-depressed
1445944120422191104,1.0,non-depressed
1445944498861789184,1.0,non-depressed
1445945204993761280,1.0,non-depressed
1445946575843254272,1.0,non-depressed
1445949414305157120,0.67,non-depressed
1445950569835814912,0.663,mild
1445951051295825920,0.667,non-depressed
1445951490493980672,1.0,mild
1445953122745135104,0.686,non-depressed
1445953453067358208,0.663,mild
1445953631312912384,0.667,mild
1445954101624270848,1.0,mild
1445956143642124288,0.674,non-depressed
1445959442801967104,0.674,non-depressed
1445962386003795968,0.674,non-depressed
1445962853224230912,0.659,mild
1445964697761566720,1.0,mild
1445964851633786880,1.0,non-depressed
1445969692385071104,0.67,non-depressed
1445970231399170048,1.0,non-depressed
1445970897513365504,0.678,non-depressed
1445971170180874240,1.0,non-depressed
1445973896189067264,0.663,non-depressed
1445974445747806208,0.674,mild
1445974873302515712,1.0,non-depressed
1445975682450800640,0.663,mild
1445977108644253696,0.663,non-depressed
1445977462094061568,0.682,non-depressed
1445977825706663936,1.0,non-depressed
1445977883550310400,1.0,non-depressed
1445978606316888064,0.659,mild
1445979196799467520,1.0,non-depressed
1445980000839155712,0.667,non-depressed
1445983881455411200,1.0,non-depressed
1445984634056187904,1.0,non-depressed
1445985402800656384,1.0,non-depressed
1445987962286534656,0.663,mild
1445988089915084800,0.659,mild
1445988968965840896,0.67,mild
1445988970660352000,1.0,non-depressed
1445990787657781248,0.674,moderate
1445991703819788288,0.667,non-depressed
1445992238660694016,1.0,non-depressed
1445994869336465408,0.663,mild
1445996463696142336,1.0,non-depressed
1445996862578708480,0.667,non-depressed
1445998707770540032,0.67,non-depressed
1445998927942234112,0.651,non-depressed
1445999306612293632,0.675,mild
1445999519771004928,1.0,non-depressed
1446000829660471296,1.0,non-depressed
1446002556484788224,1.0,mild
1446004077687607296,1.0,non-depressed
1446004455158263808,0.674,non-depressed
1446006860524445696,0.659,mild
1446007218999005184,0.663,non-depressed
1446009523274190848,1.0,non-depressed
1446011158364921856,1.0,non-depressed
1446011300253945856,0.67,non-depressed
1446011994079965184,0.659,mild
1446012818596057088,1.0,non-depressed
1446015001244864512,1.0,non-depressed
1446015214927822848,0.682,non-depressed
1446015446415597568,1.0,non-depressed
1446015487561895936,1.0,non-depressed
1446015578649542656,1.0,non-depressed
1446016826027036672,1.0,non-depressed
1446018534379642880,1.0,non-depressed
1446019027168464896,1.0,non-depressed
1446019346665545728,1.0,non-depressed
1446020241465696256,0.667,mild
1446022207294119936,1.0,mild
1446023621974102016,1.0,non-depressed
1446024487384715264,1.0,non-depressed
1446026042150371328,1.0,non-depressed
1446026168470282240,0.663,moderate
1446027663693467648,1.0,non-depressed
1446050311756525568,1.0,non-depressed
1446051656618102784,0.651,moderate
1446052373319802880,1.0,non-depressed
1446054313906749440,1.0,non-depressed
1446054778916704256,1.0,non-depressed
1446056743763681280,1.0,non-depressed
1446059050475610112,0.663,mild
1446060240726855680,0.667,non-depressed
1446067288969416704,1.0,non-depressed
1446067624488706048,1.0,non-depressed
1446068534723874816,0.674,non-depressed
1446070741787680768,1.0,non-depressed
1446072147508699136,0.667,mild
1446072689785917440,1.0,non-depressed
1446073919811751936,1.0,non-depressed
1446074317184376832,1.0,non-depressed
1446074582352285696,0.674,non-depressed
1446081705052233728,1.0,non-depressed
1446082796879974400,0.667,non-depressed
1446083219091296256,1.0,non-depressed
1446083291170365440,0.667,mild
1446083579407130624,1.0,non-depressed
1446084508835516416,0.674,mild
1446086590317666304,0.659,moderate
1446089361649455104,1.0,moderate
1446089786779967488,1.0,non-depressed
1446090126489051136,1.0,non-depressed
1446090482811998208,1.0,non-depressed
1446092550490804224,0.663,mild
1446092789129756672,0.659,mild
1446095308308484096,1.0,non-depressed
1446095474419814400,1.0,non-depressed
1446096069604134912,1.0,non-depressed
1446096393370628096,0.67,non-depressed
1446096428535795712,0.674,non-depressed
1446098262944096256,1.0,non-depressed
1446099891147640832,1.0,non-depressed
1446100269293518848,0.647,mild
1446101989893427200,0.67,non-depressed
1446102218399121408,1.0,non-depressed
1446102706314170368,1.0,non-depressed
1446106681423773696,1.0,non-depressed
1446107529243734016,0.675,moderate
1446108720069595136,0.679,mild
1446108999670288384,1.0,non-depressed
1446110526019305472,1.0,non-depressed
1446111309582544896,0.667,non-depressed
1446113782925705216,1.0,moderate
1446117196346761216,1.0,non-depressed
1446117413523656704,1.0,non-depressed
1446117778755186688,1.0,non-depressed
1446119023393996800,1.0,severe
1446120404498616320,0.674,mild
1446121945309741056,1.0,non-depressed
1446122390593982464,0.674,mild
1446126329435332608,1.0,non-depressed
1446126474445000704,1.0,non-depressed
1446128917794885632,0.667,non-depressed
1446130104795422720,1.0,non-depressed
1446132271690313728,0.659,mild
1446133446494101504,0.667,non-depressed
1446133661292716032,1.0,non-depressed
1446135218755104768,0.67,non-depressed
1446135292998651904,1.0,non-depressed
1446135382496657408,1.0,non-depressed
1446136152327479296,1.0,mild
1446136619266756608,1.0,non-depressed
1446136810686586880,1.0,non-depressed
1446137734972776448,1.0,non-depressed
1446138390701744128,1.0,non-depressed
1446141053682077696,1.0,non-depressed
1446141706768982016,0.678,mild
1446142611056701440,0.659,mild
1446145993968394240,1.0,non-depressed
1446146917914890240,0.663,non-depressed
1446148881419485184,0.682,mild
1446149203055480832,1.0,non-depressed
1446149256369291264,1.0,non-depressed
1446149904699699200,1.0,non-depressed
1446151344428101632,1.0,non-depressed
1446151428100263936,1.0,non-depressed
1446152051654893568,1.0,non-depressed
1446153127674236928,0.659,mild
1446153218896060416,1.0,non-depressed
1446153359803797504,0.67,non-depressed
1446154329480597504,1.0,non-depressed
1446156036646318080,0.667,non-depressed
1446157156894449664,0.67,mild
1446158177586892800,1.0,non-depressed
1446159746130579456,1.0,non-depressed
1446161587266588672,0.655,moderate
1446165859311894528,1.0,non-depressed
1446166047686549504,0.667,non-depressed
1446166709363167232,0.686,non-depressed
1446167096254087168,0.667,moderate
1446168075875717120,1.0,non-depressed
1446168447369502720,1.0,mild
1446169242261405696,0.678,non-depressed
1446169901224407040,0.67,non-depressed
1446169905087266816,0.667,mild
1446173140753731584,1.0,non-depressed
1446174465122082816,0.667,non-depressed
1446174769611747328,1.0,non-depressed
1446175355417604096,0.67,non-depressed
1446184535280992256,1.0,non-depressed
1446185681332604928,0.67,non-depressed
1446187348321087488,1.0,non-depressed
1446188102007984128,1.0,non-depressed
1446189325176160256,0.667,mild
1446189362480222208,1.0,non-depressed
1446190475459940352,1.0,non-depressed
1446193194404823040,0.663,non-depressed
1446194506605416448,1.0,non-depressed
1446194510648782848,0.674,mild
1446194827964604416,1.0,non-depressed
1446194880116580352,1.0,non-depressed
1446195315363639296,1.0,non-depressed
1446196018861707264,1.0,non-depressed
1446196558387625984,0.659,mild
1446197813784858624,1.0,non-depressed
1446198925698945024,0.663,mild
1446199492856930304,0.667,non-depressed
1446200165707231232,1.0,non-depressed
1446201443245969408,1.0,non-depressed
1446203710879715328,0.659,moderate
1446203863615229952,1.0,non-depressed
1446204142830198784,1.0,non-depressed
1446204515976368128,1.0,non-depressed
1446207588815843328,0.659,non-depressed
1446208060918095872,1.0,non-depressed
1446208824608636928,1.0,non-depressed
1446209235755352064,1.0,non-depressed
1446209280164651008,0.667,non-depressed
1446210747453820928,1.0,non-depressed
1446213244750794752,0.663,non-depressed
1446215153222135808,0.659,non-depressed
1446215412945809408,1.0,non-depressed
1446220367295655936,1.0,non-depressed
1446221416450428928,1.0,non-depressed
1446221893153996800,0.67,non-depressed
1446223092527865856,0.663,non-depressed
1446235002342199296,0.655,moderate
1446236777354874880,0.651,non-depressed
1446236888629592064,0.655,mild
1446240036819595264,0.663,non-depressed
1446242339199012864,0.663,non-depressed
1446243511142080512,1.0,non-depressed
1446244112789823488,0.667,non-depressed
1446247051516420096,0.667,non-depressed
1446252246283530240,1.0,non-depressed
1446256820935299072,1.0,non-depressed
1446257446616510464,0.67,non-depressed
1446259007073755136,0.678,mild
1446259038593896448,1.0,non-depressed
1446259237722595328,1.0,non-depressed
1446259402248495104,0.667,mild
1446259437556092928,1.0,non-depressed
1446262131842813952,1.0,non-depressed
1446262389918289920,1.0,non-depressed
1446263126681276416,1.0,mild
1446263545382019072,1.0,non-depressed
1446263658057592832,0.663,mild
1446264692398333952,1.0,non-depressed
1446265216979779584,1.0,non-depressed
1446267236931547136,1.0,non-depressed
1446272358784798720,1.0,non-depressed
1446272613291069440,0.674,non-depressed
1446272623382515712,1.0,non-depressed
1446272667481358336,1.0,non-depressed
1446272833139593216,1.0,mild
1446273100513939456,1.0,non-depressed
1446273917765787648,1.0,non-depressed
1446275388221624320,1.0,non-depressed
1446276574639165440,1.0,non-depressed
1446277550196600832,1.0,non-depressed
1446279179599712256,1.0,non-depressed
1446280821862772736,1.0,non-depressed
1446281109558345728,1.0,non-depressed
1446282529733070848,1.0,non-depressed
1446284650037587968,1.0,non-depressed
1446285362058317824,0.674,mild
1446285673774784512,1.0,non-depressed
1446285922362740736,1.0,non-depressed
1446286297467850752,0.667,mild
1446287004258476032,0.686,mild
1446288408041590784,1.0,non-depressed
1446289083274305536,0.663,mild
1446289092052979712,1.0,severe
1446289115964588032,0.667,mild
1446291357912477696,1.0,non-depressed
1446292927819534336,0.67,non-depressed
1446292941954330624,1.0,non-depressed
1446293263028133888,0.663,non-depressed
1446294861251072000,0.659,severe
1446295040666619904,0.655,mild
1446295788510978048,0.674,moderate
1446297004145930240,1.0,non-depressed
1446297461228810240,1.0,non-depressed
1446299021832826880,0.67,non-depressed
1446299967690268672,0.651,non-depressed
1446300773499817984,1.0,mild
1446301117638483968,0.67,mild
1446302063747534848,0.663,mild
1446303770879606784,1.0,non-depressed
1446305002419589120,1.0,non-depressed
1446305926961524736,0.655,non-depressed
1446306179605573632,0.667,non-depressed
1446308974177898496,1.0,non-depressed
1446311500637945856,0.659,non-depressed
1446311621123448832,0.667,mild
1446312522404044800,0.667,non-depressed
1446314034450604032,0.663,moderate
1446314198829572096,0.682,non-depressed
1446315274265825280,1.0,non-depressed
1446315375965229056,1.0,non-depressed
1446315498598248448,1.0,non-depressed
1446316047984910336,1.0,non-depressed
1446316156478971904,1.0,non-depressed
1446316630418546688,0.67,non-depressed
1446316665998823424,1.0,non-depressed
1446317055838507008,1.0,moderate
1446317407383998464,1.0,moderate
1446317452766244864,0.659,non-depressed
1446318640119390208,1.0,non-depressed
1446320847728177152,1.0,non-depressed
1446324236511895552,1.0,non-depressed
1446326070551089152,1.0,non-depressed
1446326497153728512,1.0,non-depressed
1446327371045343232,0.663,non-depressed
1446328498952491008,0.682,mild
1446329816505016320,1.0,non-depressed
1446329898025504768,0.674,mild
1446330127118389248,1.0,non-depressed
1446330324032491520,1.0,non-depressed
1446331025349509120,0.678,non-depressed
1446334770049257472,1.0,non-depressed
1446335663796797440,0.667,non-depressed
1446335883825717248,1.0,non-depressed
1446336100713259008,0.667,mild
1446338685339783168,1.0,non-depressed
1446339400489521152,0.678,severe
1446341676277116928,1.0,non-depressed
1446341789636390912,0.663,non-depressed
1446343016986251264,1.0,non-depressed
1446343517920546816,1.0,non-depressed
1446343611218530304,1.0,moderate
1446345760660877312,1.0,non-depressed
1446345945554333696,1.0,non-depressed
1446347095380615168,0.667,non-depressed
1446347126531936256,0.667,non-depressed
1446349597631254528,0.663,mild
1446350652758704128,1.0,non-depressed
1446351961163399168,0.667,mild
1446352228998995968,1.0,non-depressed
1446354058390880256,0.667,non-depressed
1446355857885782016,0.667,non-depressed
1446356234634989568,0.663,non-depressed
1446356600013344768,1.0,non-depressed
1446359628900552704,1.0,non-depressed
1446360103230320640,0.659,mild
1446365137703743488,1.0,non-depressed
1446367207538106368,1.0,non-depressed
1446367643007520768,1.0,non-depressed
1446388228542455808,1.0,non-depressed
1446388517349863424,1.0,non-depressed
1446389240523370496,1.0,non-depressed
1446392587527462912,1.0,non-depressed
1446393629979906048,0.663,non-depressed
1446394017516716032,0.655,mild
1446395666318643200,0.655,non-depressed
1446396008418529280,1.0,non-depressed
1446396221061406720,1.0,non-depressed
1446397786682011648,0.678,mild
1446399316193685504,0.655,mild
1446400566901542912,1.0,non-depressed
1446403121777766400,1.0,non-depressed
1446403251998392320,1.0,non-depressed
1446403382185545728,0.663,severe
1446405314748768256,1.0,non-depressed
1446405700570189824,1.0,non-depressed
1446406101495271424,1.0,non-depressed
1446412795491373056,1.0,non-depressed
1446412875053031424,0.674,mild
1446413249553989632,1.0,non-depressed
1446417790441775104,1.0,non-depressed
1446419107977465856,1.0,non-depressed
1446419977511129088,1.0,mild
1446421450714320896,1.0,non-depressed
1446423232035315712,1.0,non-depressed
1446423340617539584,1.0,non-depressed
1446423393914560512,1.0,non-depressed
1446423649226002432,0.674,moderate
1446426460164481024,1.0,non-depressed
1446428817828945920,1.0,non-depressed
1446434109941686272,0.678,non-depressed
1446434731759792128,1.0,non-depressed
1446436162638319616,1.0,non-depressed
1446441190275092480,1.0,non-depressed
1446443489261244416,1.0,non-depressed
1446444313081106432,1.0,non-depressed
1446445009989816320,1.0,non-depressed
1446445925505937408,0.682,non-depressed
1446446005742878720,1.0,non-depressed
1446447528573128704,0.659,moderate
1446449808554676224,1.0,non-depressed
1446451677381410816,1.0,non-depressed
1446454985479184384,1.0,non-depressed
1446455082497814528,1.0,non-depressed
1446457783432400896,1.0,non-depressed
1446458364616077312,0.659,non-depressed
1446461278134886400,0.667,mild
1446461477376839680,0.667,non-depressed
1446463442458714112,0.679,non-depressed
1446463552156585984,0.667,non-depressed
1446464286801399808,1.0,non-depressed
1446466072211648512,1.0,non-depressed
1446468808131047424,1.0,non-depressed
1446469121089101824,1.0,non-depressed
1446470201290235904,1.0,non-depressed
1446470599736369152,0.667,non-depressed
1446473383701622784,1.0,non-depressed
1446473898011373568,1.0,non-depressed
1446474184369086464,1.0,non-depressed
1446474242929930240,1.0,non-depressed
1446475854108893184,1.0,non-depressed
1446478390488272896,1.0,non-depressed
1446478440484454400,0.686,non-depressed
1446483299908481024,1.0,non-depressed
1446483720232308736,1.0,non-depressed
1446486187821109248,1.0,non-depressed
1446487659015245824,1.0,moderate
1446488383077900288,0.674,moderate
1446489531692339200,1.0,non-depressed
1446494172718845952,1.0,non-depressed
1446494473203032064,0.674,mild
1446495018332606464,1.0,non-depressed
1446495469291642880,0.659,mild
1446496202233577472,1.0,non-depressed
1446496743454093312,0.667,mild
1446497329096400896,1.0,non-depressed
1446500456784490496,0.667,non-depressed
1446500559977074688,0.663,mild
1446503090685886464,0.655,non-depressed
1446503245195710464,0.655,non-depressed
1446504474260819968,1.0,non-depressed
1446504896325464064,1.0,non-depressed
1446506142075662336,1.0,non-depressed
1446507072208650240,1.0,non-depressed
1446507407140528128,0.667,non-depressed
1446507613269729280,1.0,non-depressed
1446508071409184768,1.0,non-depressed
1446511137927745536,1.0,non-depressed
1446512108338704384,1.0,non-depressed
1446512301390000128,0.659,mild
1446512332838998016,1.0,non-depressed
1446512607389573120,1.0,non-depressed
1446515147128901632,1.0,non-depressed
1446515640588595200,0.679,non-depressed
1446516271965741056,0.674,mild
1446516751324356608,0.667,mild
1446517049128329216,0.67,non-depressed
1446519119055134720,0.67,non-depressed
1446521465160015872,0.667,non-depressed
1446522708171362304,1.0,non-depressed
1446523480690864128,1.0,non-depressed
1446524284680093696,0.667,moderate
1446524554256568320,1.0,non-depressed
1446524589924814848,1.0,non-depressed
1446524837011337216,0.67,non-depressed
1446525206537834496,1.0,non-depressed
1446528108123803648,1.0,non-depressed
1446528110220898304,1.0,non-depressed
1446528543211487232,1.0,non-depressed
1446528608881631232,1.0,non-depressed
1446528969336107008,0.667,non-depressed
1446531464917667840,1.0,mild
1446531991902564352,1.0,non-depressed
1446532947700445184,1.0,non-depressed
1446533470579150848,1.0,non-depressed
1446535667492610048,0.678,non-depressed
1446535808798769152,1.0,non-depressed
1446536223871229952,0.675,non-depressed
1446536528667107328,0.674,non-depressed
1446539302976974848,1.0,non-depressed
1446543089397555200,1.0,non-depressed
1446544406367121408,1.0,non-depressed
1446544515720962048,1.0,non-depressed
1446544726639923200,1.0,non-depressed
1446545891217731584,1.0,non-depressed
1446545895584145408,1.0,mild
1446548869802864640,0.674,non-depressed
1446549332463919104,1.0,non-depressed
1446549564975038464,1.0,non-depressed
1446550571285110784,0.663,mild
1446552526409588736,1.0,non-depressed
1446553503002808320,1.0,non-depressed
1446554426290868224,1.0,non-depressed
1446555574875959296,1.0,non-depressed
1446555977906597888,1.0,mild
1446556393939431424,1.0,non-depressed
1446556784701935616,1.0,non-depressed
1446556900804501504,1.0,non-depressed
1446556948824952832,0.67,non-depressed
1446557518004727808,1.0,non-depressed
1446557753879588864,0.674,non-depressed
1446558145862455296,1.0,non-depressed
1446559113001930752,1.0,non-depressed
1446561047339438080,0.667,mild
1446562222487052288,1.0,non-depressed
1446563994668462080,0.663,non-depressed
1446564330032353280,1.0,non-depressed
1446565432744366080,0.667,non-depressed
1446567993161433088,1.0,non-depressed
1446568527016734720,0.674,non-depressed
1446569513726746624,1.0,severe
1446569805662806016,0.667,mild
1446571095092518912,0.674,non-depressed
1446571270657622016,1.0,non-depressed
1446571311824769024,1.0,non-depressed
1446571763312304128,1.0,non-depressed
1446572478898266112,0.678,moderate
1446574318586982400,1.0,non-depressed
1446574367966588928,0.659,mild
1446575233541017600,1.0,non-depressed
1446578574207688704,1.0,non-depressed
1446581005804969984,1.0,non-depressed
1446581862898544640,1.0,non-depressed
1446582926825693184,1.0,non-depressed
1446583212071952384,0.674,mild
1446584579020709888,0.663,mild
1446609213833232384,1.0,non-depressed
1446611804189179904,0.674,non-depressed
1446612986949292032,1.0,mild
1446612988018966528,0.659,non-depressed
1446614199434633216,1.0,moderate
1446614984914579456,0.667,non-depressed
1446615265299533824,0.67,non-depressed
1446615629784657920,1.0,non-depressed
1446616759499362304,1.0,non-depressed
1446616819498987520,1.0,non-depressed
1446616834032209920,1.0,non-depressed
1446621087824023552,1.0,non-depressed
1446622707336900608,1.0,non-depressed
1446623651231506432,1.0,non-depressed
1446624853977563136,1.0,non-depressed
1446625547392405504,1.0,non-depressed
1446627338653995008,0.663,non-depressed
1446628517521854464,0.663,non-depressed
1446628811873923072,1.0,non-depressed
1446629041088389120,0.659,mild
1446630182627024896,0.674,mild
1446630655991877632,0.663,mild
1446631690160410624,0.674,non-depressed
1446633226664087552,0.667,severe
1446634007538458624,1.0,non-depressed
1446634039977267200,1.0,non-depressed
1446634843484327936,1.0,non-depressed
1446635128596439040,1.0,non-depressed
1446649458507255808,0.667,non-depressed
1446649700786978816,1.0,non-depressed
1446651405779943424,1.0,non-depressed
1446656243435720704,0.667,non-depressed
1446656328659730432,0.663,non-depressed
1446656660165079040,1.0,non-depressed
1446657626931146752,0.667,non-depressed
1446657628323581952,0.667,mild
1446658615390183424,0.667,non-depressed
1446660138627076096,1.0,non-depressed
1446661070219849728,1.0,non-depressed
1446662603170725888,1.0,non-depressed
1446667516051349504,1.0,non-depressed
1446667759123898368,0.663,moderate
1446667945631883264,0.675,moderate
1446669634908852224,1.0,non-depressed
1446670322942496768,1.0,non-depressed
1446672442957733888,0.663,mild
1446672771141054464,1.0,non-depressed
1446673547406028800,0.674,non-depressed
1446674066480541696,1.0,mild
1446674993153298432,1.0,non-depressed
1446675348712787968,0.682,mild
1446677064761765888,0.674,moderate
1446677559958138880,1.0,non-depressed
1446677821070381056,1.0,non-depressed
1446680029891469312,0.663,mild
1446681790291197952,1.0,non-depressed
1446682377028259840,1.0,non-depressed
1446685555387887616,1.0,non-depressed
1446686529875689472,0.686,non-depressed
1446687109901795328,1.0,non-depressed
1446689339556044800,0.67,non-depressed
1446689570955923456,1.0,non-depressed
1446689738304507904,1.0,non-depressed
1446690810729164800,1.0,non-depressed
1446690960507916288,1.0,non-depressed
1446694060647931904,0.67,mild
1446694211990982656,1.0,non-depressed
1446695095974207488,1.0,non-depressed
1446696227819622400,0.671,non-depressed
1446696575552548864,0.659,non-depressed
1446699266706128896,0.682,non-depressed
1446699853912764416,1.0,non-depressed
1446701566539542528,1.0,non-depressed
1446703510364454912,1.0,non-depressed
1446704387351453696,0.663,non-depressed
1446706233155653632,0.67,non-depressed
1446706390844600320,1.0,non-depressed
1446706800477097984,0.69,non-depressed
1446707820968173568,1.0,non-depressed
1446707891654770688,1.0,non-depressed
1446708241162031104,1.0,non-depressed
1446709027300315136,1.0,non-depressed
1446710169300131840,1.0,non-depressed
1446710219212525568,0.663,non-depressed
1446712521449099264,1.0,non-depressed
1446713423727710208,1.0,non-depressed
1446713868454178816,1.0,non-depressed
1446717007164891136,1.0,non-depressed
1446717056292843520,1.0,non-depressed
1446720001361186816,0.667,mild
1446720049734111232,0.678,non-depressed
1446722878636965888,1.0,non-depressed
1446724905903534080,1.0,non-depressed
1446725818147741696,0.667,moderate
1446726298412453888,0.659,severe
1446726522216271872,1.0,non-depressed
1446726913079263232,0.667,non-depressed
1446727133850521600,0.67,non-depressed
1446727239198855168,1.0,non-depressed
1446728742835916800,1.0,non-depressed
1446728809756102656,0.659,non-depressed
1446729295158595584,1.0,non-depressed
1446729369754365952,0.67,non-depressed
1446729466387079168,0.651,moderate
1446729812484177920,1.0,non-depressed
1446730148938715136,1.0,non-depressed
1446731688965406720,1.0,non-depressed
1446731884785029120,1.0,non-depressed
1446732887303274496,0.674,non-depressed
1446735112956104704,0.678,non-depressed
1446736022562349056,1.0,non-depressed
1446736223649681408,1.0,non-depressed
1446736777452998656,1.0,non-depressed
1446737349098938368,1.0,non-depressed
1446738093894250496,1.0,non-depressed
1446739150909153280,1.0,non-depressed
1446739459886571520,1.0,non-depressed
1446741735472877568,0.67,non-depressed
1446742468683341824,1.0,non-depressed
1446742518717026304,1.0,non-depressed
1446745827104407552,1.0,non-depressed
1446747780442173440,0.67,non-depressed
1446748829223723008,0.674,mild
1446751494770880512,1.0,non-depressed
1446752328481075200,0.663,non-depressed
1446752425717686272,1.0,non-depressed
1446753876833615872,1.0,non-depressed
1446754904480100352,0.663,moderate
1446758847381704704,1.0,non-depressed
1446761901086609408,1.0,non-depressed
1446761997136277504,1.0,non-depressed
1446764641674268672,1.0,non-depressed
1446765424377581568,1.0,non-depressed
1446768171440951296,0.67,mild
1446769089632944128,0.67,non-depressed
1446770485455466496,0.678,non-depressed
1446770762975744000,1.0,non-depressed
1446771973523128320,1.0,non-depressed
1446773005791764480,0.659,mild
1446774132264349696,1.0,non-depressed
1446774700173004800,1.0,non-depressed
1446779461634981888,0.674,non-depressed
1446780522886164480,1.0,non-depressed
1446780941666504704,1.0,non-depressed
1446785290098511872,0.663,non-depressed
1446785945555058688,1.0,non-depressed
1446787387455987712,1.0,non-depressed
1446792947127697408,1.0,non-depressed
1446793241941184512,0.659,mild
1446795789657837568,0.655,non-depressed
1446797767414714368,1.0,non-depressed
1446802245090164736,1.0,non-depressed
1446821036851355648,1.0,mild
1446822464005287936,1.0,non-depressed
1446823725995905024,0.671,mild
1446824093328740352,0.67,non-depressed
1446826442659074048,1.0,non-depressed
1446827058139746304,1.0,non-depressed
1446831455313616896,1.0,non-depressed
1446833595960762368,0.67,non-depressed
1446834098954117120,0.667,non-depressed
1446834411648032768,0.67,non-depressed
1446836686554636288,1.0,non-depressed
1446836765122306048,1.0,non-depressed
1446836778619441152,0.663,non-depressed
1446839078440349696,0.667,non-depressed
1446840665380372480,1.0,non-depressed
1446841494946521088,1.0,non-depressed
1446845081198157824,1.0,non-depressed
1446845756518776832,1.0,non-depressed
1446849046635819008,0.655,mild
1446849147332702208,0.67,moderate
1446849695846961152,1.0,non-depressed
1446851166692851712,1.0,non-depressed
1446853162455875584,0.667,non-depressed
1446854363201392640,1.0,non-depressed
1446855100215939072,1.0,non-depressed
1446856270028460032,1.0,non-depressed
1446856957135134720,1.0,non-depressed
1446857127998500864,1.0,non-depressed
1446857476993859584,0.667,non-depressed
1446859447104589824,0.655,mild
1446860875269353472,1.0,non-depressed
1446862032012300288,1.0,non-depressed
1446864971183308800,1.0,non-depressed
1446865263836676096,1.0,non-depressed
1446865729018544128,1.0,non-depressed
1446867156906430464,1.0,non-depressed
1446867528383438848,1.0,mild
1446868790483066880,0.655,non-depressed
1446872359340699648,1.0,non-depressed
1446876165688414208,1.0,non-depressed
1446877450181521408,0.659,moderate
1446878042962292736,0.667,non-depressed
1446878416217653248,1.0,non-depressed
1446878871278669824,1.0,non-depressed
1446879384128811008,0.659,non-depressed
1446881848064282624,0.678,non-depressed
1446883220591558656,1.0,non-depressed
1446883887347605504,0.678,non-depressed
1446884467172335616,0.667,non-depressed
1446884589016952832,1.0,non-depressed
1446885627933376512,0.674,non-depressed
1446886340239380480,1.0,non-depressed
1446886660067586048,1.0,non-depressed
1446888271926243328,1.0,non-depressed
1446888658418782208,0.667,non-depressed
1446890519469121536,0.663,non-depressed
1446891066746097664,1.0,non-depressed
1446891298754023424,1.0,non-depressed
1446895225562189824,0.674,severe
1446895923385311232,0.678,moderate
1446896890059141120,1.0,non-depressed
1446898255640465408,0.663,non-depressed
1446898534956126208,1.0,non-depressed
1446905190611931136,0.686,non-depressed
1446905236505997312,1.0,non-depressed
1446905494539411456,1.0,non-depressed
1446905750287261696,0.686,non-depressed
1446906214776918016,1.0,non-depressed
1446906801937698816,1.0,non-depressed
1446907260400250880,1.0,non-depressed
1446910490806874112,1.0,non-depressed
1446911799501017088,1.0,non-depressed
1446916649139929088,1.0,non-depressed
1446916964748873728,1.0,non-depressed
1446918048674304000,1.0,non-depressed
1446918317516607488,0.667,non-depressed
1446919034918875136,1.0,non-depressed
1446919189873115136,1.0,non-depressed
1446919440386301952,1.0,non-depressed
1446920643660890112,1.0,non-depressed
1446922211613364224,1.0,non-depressed
1446922741848973312,0.686,non-depressed
1446922841488642048,1.0,non-depressed
1446924744842960896,0.659,non-depressed
1446925312399269888,0.686,non-depressed
1446925450148605952,0.674,non-depressed
1446926647039565824,0.659,non-depressed
1446926728782303232,1.0,non-depressed
1446927221822668800,1.0,non-depressed
1446928947900411904,0.674,non-depressed
1446930811832475648,1.0,non-depressed
1446931620288684032,0.67,non-depressed
1446931867194642432,1.0,non-depressed
1446932158124285952,0.67,mild
1446932276114247680,1.0,non-depressed
1446932428375748608,0.655,mild
1446934754931183616,1.0,non-depressed
1446935245958176768,1.0,non-depressed
1446936344886976512,0.667,moderate
1446937671838928896,1.0,non-depressed
1446940376292548608,1.0,non-depressed
1446942272776544256,1.0,non-depressed
1446942346973749248,1.0,non-depressed
1446945644439089152,0.67,moderate
1446946136833630208,1.0,non-depressed
1446946483568324608,1.0,non-depressed
1446946533794934784,1.0,non-depressed
1446947168120680448,1.0,non-depressed
1446948941321363456,1.0,non-depressed
1446949290127941632,1.0,non-depressed
1446949939741814784,1.0,non-depressed
1446950132000436224,0.663,non-depressed
1446953678816964608,0.667,non-depressed
1446956579627147264,0.663,mild
1446957177437147136,1.0,non-depressed
1446957746331557888,1.0,non-depressed
1446958214940020736,1.0,non-depressed
1446960545744183296,1.0,non-depressed
1446961695281254400,0.663,non-depressed
1446961783617507328,0.663,non-depressed
1446962899193303040,1.0,non-depressed
1446963166349611008,0.663,non-depressed
1446963568671436800,1.0,non-depressed
1446963898494554112,1.0,non-depressed
1446965899848716288,1.0,non-depressed
1446966086033940480,0.667,non-depressed
1446966106917322752,1.0,non-depressed
1446966205961572352,1.0,non-depressed
1446971677213134848,0.67,non-depressed
1446973029238542336,1.0,moderate
1446974910165753856,1.0,non-depressed
1446975576082944000,1.0,non-depressed
1446978769743273984,1.0,non-depressed
1446978809446686720,1.0,non-depressed
1446979494045261824,0.655,non-depressed
1446980467723431936,0.647,mild
1446983713900822528,0.679,non-depressed
1446983765448929280,0.67,non-depressed
1446985213670793216,1.0,non-depressed
1446988740753297408,1.0,non-depressed
1446988895971954688,0.659,mild
1446989832228507648,0.663,mild
1446990363785265152,1.0,non-depressed
1446991283923337216,0.663,non-depressed
1446991606414921728,0.663,non-depressed
1446992416586752000,0.663,mild
1446992907794362368,1.0,non-depressed
1446993598633988096,1.0,non-depressed
1446993829668790272,1.0,non-depressed
1446994111228260352,0.67,mild
1446994298445123584,1.0,non-depressed
1446994330040864768,1.0,non-depressed
1446995653624799232,0.663,non-depressed
1446996502476320768,1.0,non-depressed
1446997440272506880,1.0,non-depressed
1446997852291469312,1.0,non-depressed
1446998533945667584,1.0,non-depressed
1446998827471413248,1.0,non-depressed
1447000521898926080,0.67,moderate
1447001782429880320,1.0,moderate
1447003078939582464,1.0,non-depressed
1447004195312345088,1.0,non-depressed
1447004834859790336,0.663,mild
1447006197714935808,1.0,non-depressed
1447006874671489024,1.0,non-depressed
1447009353605783552,0.667,mild
1447009401005658112,1.0,non-depressed
1447009868305555456,0.682,non-depressed
1447012597115588608,1.0,non-depressed
1447013928685514752,0.667,mild
1447015467835699200,0.674,non-depressed
1447015498441396224,1.0,non-depressed
1447017069128597504,1.0,non-depressed
1447017272976027648,0.678,non-depressed
1447017543596716032,1.0,non-depressed
1447017766959996928,1.0,non-depressed
1447018475847921664,1.0,non-depressed
1447019330693001216,1.0,non-depressed
1447020020207276032,0.667,moderate
1447020140965597184,0.659,non-depressed
1447021005096964096,1.0,non-depressed
1447023831038652416,1.0,non-depressed
1447024059041128448,0.67,non-depressed
1447024519105945600,0.667,mild
1447024653701054464,0.663,mild
1447024949298860032,0.667,mild
1447025962206461952,0.651,non-depressed
1447027027186434048,0.667,mild
1447027516535885824,1.0,non-depressed
1447027750959779840,1.0,non-depressed
1447027756798148608,1.0,non-depressed
1447027840180912128,0.663,mild
1447027998218141696,0.67,moderate
1447028335033274368,1.0,non-depressed
1447028865151344640,0.674,non-depressed
1447029905598861312,0.67,mild
1447032909114720256,1.0,mild
1447033000802217984,1.0,non-depressed
1447033263801843712,0.659,mild
1447035009127288832,1.0,non-depressed
1447035617972559872,1.0,non-depressed
1447036057665552384,0.667,non-depressed
1447038569080508416,0.659,severe
1447040925428031488,0.674,mild
1447050256084987904,1.0,non-depressed
1447050933377118208,1.0,non-depressed
1447051299187421184,0.682,non-depressed
1447052199587196928,1.0,non-depressed
1447052614915526656,0.678,mild
1447053662203875328,1.0,severe
1447055631773483008,1.0,non-depressed
1447056479878619136,0.67,non-depressed
1447056497071083520,1.0,non-depressed
1447056965771857920,0.667,mild
1447059085585629184,1.0,non-depressed
1447061255479443456,1.0,non-depressed
1447061334584082432,1.0,non-depressed
1447061955555074048,1.0,non-depressed
1447062374956077056,1.0,non-depressed
1447062424331378688,1.0,non-depressed
1447062907720769536,1.0,non-depressed
1447064004921286656,1.0,non-depressed
1447065450030977024,1.0,non-depressed
1447065739416928256,1.0,non-depressed
1447066103025393664,1.0,non-depressed
1447066261968482304,1.0,non-depressed
1447066781386874880,1.0,non-depressed
1447067050879459328,0.659,mild
1447068931508748288,0.667,moderate
1447070011970007040,0.67,non-depressed
1447073406076084224,1.0,mild
1447073704240828416,0.655,moderate
1447073867835523072,1.0,non-depressed
1447075207940907008,0.686,non-depressed
1447076964423114752,0.663,non-depressed
1447078071505498112,0.686,non-depressed
1447079450470846464,1.0,non-depressed
1447079975538946048,1.0,non-depressed
1447081246140420096,1.0,non-depressed
1447081560365092864,1.0,non-depressed
1447082419719389184,1.0,non-depressed
1447082577601327104,1.0,non-depressed
1447082930208079872,1.0,non-depressed
1447086062346645504,0.675,non-depressed
1447086085566259200,1.0,non-depressed
1447088150518583296,0.667,mild
1447089456809484288,0.659,mild
1447089780819365888,1.0,non-depressed
1447090102740602880,1.0,non-depressed
1447090760600494080,1.0,non-depressed
1447092359343185920,0.659,non-depressed
1447122638401273856,1.0,non-depressed
1447124636198653952,0.667,non-depressed
1447124769363611648,1.0,non-depressed
1447125292565229568,0.67,non-depressed
1447127333316481024,1.0,non-depressed
1447128214065848320,1.0,non-depressed
1447128907501682688,1.0,non-depressed
1447129765849313280,0.663,non-depressed
1447131506321674240,1.0,non-depressed
1447132107277361152,1.0,non-depressed
1447132296688046080,1.0,non-depressed
1447132717552791552,1.0,non-depressed
1447132779439960064,0.67,non-depressed
1447139525700960256,1.0,non-depressed
1447142116069715968,1.0,non-depressed
1447144862730518528,1.0,non-depressed
1447144989461397504,0.67,mild
1447145003092955136,0.682,non-depressed
1447147572313853952,1.0,non-depressed
1447148143058071552,1.0,non-depressed
1447148164142731264,1.0,non-depressed
1447149795139784704,1.0,non-depressed
1447149841981886464,1.0,non-depressed
1447150580036669440,1.0,non-depressed
1447150714476765184,0.678,severe
1447152125373521920,1.0,non-depressed
1447152436066594816,1.0,non-depressed
1447154536167223296,1.0,non-depressed
1447154665792028672,1.0,non-depressed
1447156885405065216,1.0,non-depressed
1447160448206483456,0.667,non-depressed
1447162992727035904,0.651,moderate
1447163884498993152,1.0,non-depressed
1447165561822121984,0.674,non-depressed
1447166154695270400,1.0,non-depressed
1447167195822370816,1.0,non-depressed
1447169567780913152,1.0,non-depressed
1447170662053801984,1.0,non-depressed
1447172226374148096,0.667,severe
1447176599028355072,1.0,non-depressed
1447177131272835072,1.0,non-depressed
1447178590336872448,1.0,non-depressed
1447185016807731200,0.663,severe
1447186123160178688,0.667,non-depressed
1447188248082755584,1.0,non-depressed
1447188918860873728,1.0,non-depressed
1447190303107076096,1.0,non-depressed
1447192070226128896,1.0,non-depressed
1447192075913543680,0.682,non-depressed
1447192323474010112,0.682,non-depressed
1447192953043181568,1.0,non-depressed
1447193381868765184,1.0,non-depressed
1447193420913545216,1.0,non-depressed
1447195751528996864,0.674,mild
1447196471560912896,1.0,non-depressed
1447198679190867968,1.0,non-depressed
1447202918537388032,1.0,non-depressed
1447203311157923840,1.0,non-depressed
1447203946586509312,1.0,non-depressed
1447205294338043904,1.0,non-depressed
1447205459677442048,1.0,non-depressed
1447206379756953600,1.0,non-depressed
1447208423439822848,0.674,non-depressed
1447209154624561152,0.67,mild
1447210684983365632,1.0,non-depressed
1447215557787504640,1.0,non-depressed
1447216260211744768,1.0,non-depressed
1447216505947521024,1.0,non-depressed
1447217040394174464,1.0,non-depressed
1447218612293357568,1.0,non-depressed
1447218799829213184,0.667,non-depressed
1447219552740417536,1.0,non-depressed
1447220888731103232,0.655,non-depressed
1447223148521349120,1.0,non-depressed
1447223397243658240,1.0,non-depressed
1447223562322989056,0.67,mild
1447224528795406336,1.0,non-depressed
1447227506407391232,0.69,mild
1447227949191684096,1.0,non-depressed
1447229527134916608,1.0,non-depressed
1447230402519777280,0.674,non-depressed
1447233148908081152,1.0,non-depressed
1447236152021241856,0.667,non-depressed
1447236981637804032,1.0,non-depressed
1447237161540112384,1.0,non-depressed
1447240720839024640,0.663,non-depressed
1447241058727997440,0.651,moderate
1447241946070716416,1.0,non-depressed
1447241960390119424,1.0,non-depressed
1447242190523150336,1.0,non-depressed
1447242275977932800,1.0,non-depressed
1447243341733765120,1.0,non-depressed
1447243690355920896,1.0,non-depressed
1447243870731968512,1.0,non-depressed
1447244069038665728,1.0,non-depressed
1447244073434329088,0.674,mild
1447245871226265600,1.0,non-depressed
1447246539143872512,1.0,non-depressed
1447247656376492032,1.0,non-depressed
1447248135001022464,1.0,non-depressed
1447248199090016256,1.0,mild
1447248634785853440,1.0,non-depressed
1447249217261473792,0.655,mild
1447250333521137664,1.0,non-depressed
1447250527088115712,0.67,moderate
1447250598689189888,0.67,mild
1447252050065113088,1.0,non-depressed
1447253073211101184,0.67,mild
1447254317623230464,1.0,non-depressed
1447254624319254528,1.0,non-depressed
1447254908902707200,0.663,mild
1447255023155560448,0.663,moderate
1447255337082540032,0.674,non-depressed
1447255466711699456,0.67,non-depressed
1447256032321941504,1.0,non-depressed
1447260404850122752,0.663,severe
1447261860449984512,0.686,non-depressed
1447262827203502080,0.675,mild
1447265435779416064,1.0,non-depressed
1447265892631416832,0.675,non-depressed
1447267111294865408,0.67,non-depressed
1447267788494721024,1.0,non-depressed
1447268390867963904,0.643,non-depressed
1447269058227802112,1.0,non-depressed
1447269589197459456,1.0,non-depressed
1447269971428618240,1.0,non-depressed
1447270432172752896,1.0,non-depressed
1447270626478153728,1.0,non-depressed
1447272746598076416,0.663,non-depressed
1447273468836339712,1.0,non-depressed
1447273699309076480,1.0,non-depressed
1447275121450835968,1.0,non-depressed
1447275184658911232,1.0,non-depressed
1447275314011385856,1.0,non-depressed
1447275394575618048,0.667,mild
1447277002017345536,1.0,non-depressed
1447277769977651200,1.0,non-depressed
1447279532738637824,1.0,non-depressed
1447280962442772480,0.674,mild
1447282009458499584,1.0,mild
1447283283209883648,0.663,mild
1447284969517240320,1.0,non-depressed
1447285724634619904,1.0,non-depressed
1447286226722111488,0.69,non-depressed
1447286860233863168,0.682,mild
1447286953142071296,0.667,non-depressed
1447287018250072064,0.678,non-depressed
1447288104902176768,1.0,non-depressed
1447288228948627456,1.0,non-depressed
1447289443354873856,1.0,non-depressed
1447289529727995904,0.686,non-depressed
1447290255967670272,1.0,non-depressed
1447291051253932032,1.0,non-depressed
1447293022605955072,1.0,mild
1447293706327973888,0.659,non-depressed
1447295170513412096,0.663,non-depressed
1447295403242647552,1.0,non-depressed
1447295561413976064,1.0,mild
1447295655031054336,0.682,non-depressed
1447296694102675456,1.0,non-depressed
1447296797718851584,1.0,non-depressed
1447298983047548928,1.0,non-depressed
1447300155808550912,1.0,non-depressed
1447300841774321664,0.674,mild
1447301493992919040,0.67,non-depressed
1447302140838363136,1.0,non-depressed
1447302277497114624,1.0,non-depressed
1447302578631372800,1.0,non-depressed
1447303267071844352,1.0,non-depressed
1447304801562226688,1.0,non-depressed
1447306408542736384,1.0,non-depressed
1447306455246311424,1.0,moderate
1447309839902859264,1.0,non-depressed
1447309862740926464,0.67,non-depressed
1447311061791789056,1.0,non-depressed
1447314493919354880,1.0,non-depressed
1447314979531657216,0.655,moderate
1447317057544982528,1.0,non-depressed
1447318744498413568,1.0,mild
1447318881962500096,1.0,non-depressed
1447319748509904896,1.0,mild
1447319979146285056,1.0,non-depressed
1447320604659658752,1.0,non-depressed
1447320761027346432,1.0,non-depressed
1447320861279670272,0.663,non-depressed
1447322044891340800,1.0,non-depressed
1447324084606423040,1.0,non-depressed
1447324164872802304,1.0,non-depressed
1447324374005129216,1.0,severe
1447324502652719104,1.0,non-depressed
1447324883457691648,0.663,mild
1447326964856115200,1.0,non-depressed
1447327125187579904,1.0,non-depressed
1447327870553055232,1.0,non-depressed
1447331091614822400,0.682,non-depressed
1447332667746254848,0.659,non-depressed
1447333543638618112,1.0,non-depressed
1447335062928826368,0.675,moderate
1447339523617271808,1.0,severe
1447344253479358464,1.0,non-depressed
1447345114884366336,0.686,mild
1447345241225416704,1.0,non-depressed
1447345814540521472,1.0,non-depressed
1447346053737590784,1.0,non-depressed
1447347021522915328,0.67,non-depressed
1447347348271665152,0.674,non-depressed
1447348559167344640,1.0,non-depressed
1447349329593868288,1.0,non-depressed
1447350134665318400,1.0,non-depressed
1447350678783942656,1.0,non-depressed
1447351045848453120,1.0,non-depressed
1447351277453647872,1.0,non-depressed
1447351374455480320,1.0,non-depressed
1447352046387175424,0.674,mild
1447352412910489600,1.0,non-depressed
1447353077867089920,0.667,mild
1447353462207889408,1.0,mild
1447354250959355904,1.0,mild
1447354972945981440,0.67,mild
1447357096274632704,0.667,non-depressed
1447357985324417024,1.0,non-depressed
1447358518084919296,0.659,non-depressed
1447359193632157696,0.675,non-depressed
1447359557731241984,0.659,mild
1447361572427505664,0.663,non-depressed
1447363540189425664,1.0,non-depressed
1447365271971373056,1.0,non-depressed
1447365304863100928,0.67,non-depressed
1447365345212305408,0.67,non-depressed
1447365750965080064,1.0,non-depressed
1447365971056816128,0.674,non-depressed
1447366345847308288,1.0,non-depressed
1447366535761248256,0.69,non-depressed
1447367948910403584,1.0,non-depressed
1447368641079652352,1.0,non-depressed
1447369618650279936,0.674,non-depressed
1447371008197890048,0.659,non-depressed
1447371437493342208,1.0,non-depressed
1447372255940468736,0.663,moderate
1447372720161767424,0.667,non-depressed
1447374274092847104,0.663,non-depressed
1447376117891883008,1.0,non-depressed
1447376613184720896,0.659,mild
1447376747733917696,0.655,non-depressed
1447377500741541888,1.0,severe
1447377756275281920,0.651,mild
1447377822264303616,0.69,mild
1447378032214216704,0.682,non-depressed
1447379999816888320,1.0,severe
1447380430211072000,1.0,non-depressed
1447382918473601024,1.0,non-depressed
1447383766951809024,0.655,severe
1447384132439392256,0.667,mild
1447385563024093184,0.674,severe
1447385672155729920,0.67,non-depressed
1447386295630589952,1.0,severe
1447390271264731136,1.0,non-depressed
1447390337274728448,1.0,non-depressed
1447391868384337920,1.0,non-depressed
1447394505607450624,0.674,non-depressed
1447394544065056768,1.0,non-depressed
1447399431372935168,1.0,non-depressed
1447399700462772224,0.659,non-depressed
1447400848531861504,1.0,non-depressed
1447402038183215104,1.0,non-depressed
1447406325542043648,0.667,non-depressed
1447406844117282816,1.0,non-depressed
1447407379373563904,0.674,non-depressed
1447408631138357248,1.0,non-depressed
1447408797799100416,1.0,non-depressed
1447408884025597952,1.0,non-depressed
1447408984093233152,1.0,non-depressed
1447409037180612608,0.667,non-depressed
1447409396431167488,1.0,non-depressed
1447409578812088320,1.0,non-depressed
1447410079255433216,1.0,non-depressed
1447410781469831168,0.655,non-depressed
1447411805047771136,1.0,non-depressed
1447412013429366784,0.659,moderate
1447414864075542528,1.0,non-depressed
1447415340082679808,1.0,non-depressed
1447415548657258496,0.659,mild
1447416861570879488,0.678,severe
1447417125644247040,1.0,non-depressed
1447417463017181184,0.663,mild
1447417643674243072,1.0,mild
1447419631086493696,0.663,non-depressed
1447420084813631488,0.663,non-depressed
1447421291145928704,0.678,moderate
1447423449815785472,1.0,non-depressed
1447423536428167168,0.667,non-depressed
1447425069744074752,0.674,mild
1447426799328116736,0.67,mild
1447427084746465280,1.0,non-depressed
1447428700769771520,0.663,mild
1447430128536113152,1.0,non-depressed
1447432579813036032,0.659,mild
1447433259135160320,1.0,mild
1447433687893643264,1.0,non-depressed
1447433804419719168,1.0,non-depressed
1447435039407579136,1.0,non-depressed
1447435125206274048,0.667,non-depressed
1447438425100066816,0.67,mild
1447441166555770880,0.659,non-depressed
1447441744912584704,1.0,non-depressed
1447443799219707904,0.663,non-depressed
1447444025666015232,1.0,non-depressed
1447447077588439040,1.0,non-depressed
1447450720647610368,1.0,non-depressed
1447453389009391616,0.663,non-depressed
1447457663026073600,1.0,non-depressed
1447458573227757568,0.663,non-depressed
1447460635374141440,1.0,non-depressed
1447461972258217984,1.0,non-depressed
1447462095092604928,1.0,non-depressed
1447463459780579328,1.0,non-depressed
1447470243966697472,1.0,non-depressed
1447470970483056640,1.0,non-depressed
1447472713967157248,1.0,non-depressed
1447473121913622528,1.0,non-depressed
1447476384738254848,1.0,non-depressed
1447476755652964352,1.0,non-depressed
1447476805728817152,1.0,non-depressed
1447478601973129216,1.0,non-depressed
1447479079054176256,0.663,non-depressed
1447483993633472512,0.651,moderate
1447484701082484736,1.0,non-depressed
1447485219469205504,0.663,non-depressed
1447485407936065536,0.667,mild
1447490068462161920,1.0,non-depressed
1447492811473948672,1.0,non-depressed
1447494334564110336,1.0,non-depressed
1447495652603203584,1.0,non-depressed
1447495803644248064,1.0,non-depressed
1447498658379931648,1.0,non-depressed
1447498661697568768,0.663,mild
1447498946801111040,1.0,non-depressed
1447499934446592000,0.659,non-depressed
1447503452569997312,1.0,non-depressed
1447503640785264640,1.0,non-depressed
1447504052242223104,1.0,non-depressed
1447505592852090880,1.0,non-depressed
1447506892541005824,1.0,non-depressed
1447516644746534912,1.0,non-depressed
1447516929036537856,1.0,non-depressed
1447517593829613568,1.0,non-depressed
1447518051532955648,0.663,non-depressed
1447518966612733952,0.682,moderate
1447521869813350400,0.667,moderate
1447526526870855680,0.67,non-depressed
1447533470687899648,1.0,non-depressed
1447534265239998464,1.0,non-depressed
1447534387713675264,1.0,non-depressed
1447534596648747008,1.0,non-depressed
1447535986183966720,1.0,non-depressed
1447537057111347200,1.0,non-depressed
1447538669632491520,1.0,non-depressed
1447541422777769984,1.0,non-depressed
1447541938912124928,0.674,non-depressed
1447541969383796736,1.0,non-depressed
1447543134569832448,0.675,moderate
1447548601262133248,0.663,non-depressed
1447552540405534720,1.0,non-depressed
1447553443313422336,0.67,non-depressed
1447553569838678016,1.0,non-depressed
1447554098425909248,1.0,non-depressed
1447555331698089984,1.0,non-depressed
1447555791238488064,1.0,non-depressed
1447556806369181696,0.667,mild
1447557946037112832,0.667,mild
1447558303412899840,1.0,non-depressed
1447562093117517824,0.663,mild
1447563716233465856,0.667,non-depressed
1447564192391778304,1.0,non-depressed
1447564328102547456,1.0,non-depressed
1447575253476167680,1.0,mild
1447577413421084672,1.0,moderate
1447579035375124480,0.663,non-depressed
1447593314501414912,0.663,moderate
1447593620031242240,1.0,non-depressed
1447593642948907008,1.0,non-depressed
1447594747317538816,1.0,non-depressed
1447595666210017280,0.663,mild
1447595773512855552,0.659,non-depressed
1447595971458838528,0.67,mild
1447596576935800832,0.667,non-depressed
1447597361253871616,1.0,non-depressed
1447597856563499008,1.0,non-depressed
1447598226354446336,0.667,non-depressed
1447601499354370048,0.663,severe
1447602085965406208,1.0,non-depressed
1447602423745351680,0.67,non-depressed
1447603292759015424,0.667,non-depressed
1447603741948006400,1.0,non-depressed
1447603996986855424,0.667,non-depressed
1447604206882353152,1.0,non-depressed
1447606400495099904,1.0,non-depressed
1447606633782251520,0.67,non-depressed
1447606766091395072,1.0,non-depressed
1447607958519496704,1.0,non-depressed
1447608290335145984,1.0,non-depressed
1447609884002902016,1.0,non-depressed
1447610511013646336,1.0,non-depressed
1447610698981380096,1.0,non-depressed
1447611141706993664,0.682,non-depressed
1447611730016735232,0.659,non-depressed
1447612115838246912,0.678,mild
1447613234282967040,1.0,non-depressed
1447613906034249728,1.0,non-depressed
1447614269554630656,0.663,non-depressed
1447614697734393856,1.0,non-depressed
1447615482484379648,1.0,non-depressed
1447616680721485824,1.0,non-depressed
1447617167550124032,1.0,non-depressed
1447618248812367872,1.0,non-depressed
1447618614585069568,1.0,non-depressed
1447619738071228416,0.655,non-depressed
1447620900954808320,1.0,non-depressed
1447621802629423104,0.67,mild
1447623744097112064,1.0,non-depressed
1447624224974286848,0.663,non-depressed
1447624500208619520,0.667,mild
1447624600716812288,0.67,non-depressed
1447624627015012352,1.0,non-depressed
1447624635449757696,0.682,non-depressed
1447626715581358080,1.0,non-depressed
1447628462496395264,0.674,non-depressed
1447628640758349824,1.0,non-depressed
1447628747574702080,0.67,non-depressed
1447628849173368832,1.0,non-depressed
1447631785983098880,1.0,mild
1447635249798787072,0.674,non-depressed
1447635624576573440,1.0,non-depressed
1447636595063070720,1.0,non-depressed
1447637473186627584,0.682,moderate
1447637583094288384,1.0,non-depressed
1447639039520116736,1.0,non-depressed
1447639146042822656,0.674,mild
1447639587799568384,1.0,non-depressed
1447639982735347712,0.667,non-depressed
1447641619717443584,0.674,non-depressed
1447641670330331136,1.0,non-depressed
1447642638643986432,0.682,mild
1447643588079210496,1.0,non-depressed
1447645483032354816,1.0,non-depressed
1447645717955289088,1.0,non-depressed
1447646251395305472,1.0,non-depressed
1447646256378023936,1.0,non-depressed
1447646511525875712,1.0,non-depressed
1447646729059409920,1.0,non-depressed
1447648502817955840,0.663,non-depressed
1447651263706025984,0.682,non-depressed
1447651452835430400,1.0,non-depressed
1447652363766951936,1.0,non-depressed
1447653803080122368,1.0,non-depressed
1447654487980748800,1.0,non-depressed
1447656870844436480,1.0,non-depressed
1447657935165927424,1.0,non-depressed
1447658928528003072,1.0,non-depressed
1447659855502737408,0.674,non-depressed
1447660019705548800,0.67,non-depressed
1447660473520959488,0.667,non-depressed
1447660613765898240,1.0,non-depressed
1447661382774702080,1.0,non-depressed
1447662939389972480,1.0,mild
1447663820978151424,0.674,mild
1447665513874685952,1.0,non-depressed
1447666848976281600,1.0,non-depressed
1447667829046747136,0.675,non-depressed
1447670513824931840,0.674,mild
1447672058146660352,1.0,non-depressed
1447672913855844352,0.655,non-depressed
1447675744222543872,0.655,non-depressed
1447679365458927616,0.659,non-depressed
1447679591816912896,1.0,non-depressed
1447680932480176128,0.659,non-depressed
1447681920196915200,1.0,non-depressed
1447682252784156672,1.0,non-depressed
1447683013823827968,1.0,non-depressed
1447684639078985728,1.0,non-depressed
1447686486934106112,1.0,non-depressed
1447687545844899840,0.686,non-depressed
1447689269351305216,0.663,mild
1447689376344027136,0.655,moderate
1447691207782567936,0.671,non-depressed
1447693546748796928,1.0,non-depressed
1447694703600840704,1.0,non-depressed
1447695310885511168,1.0,non-depressed
1447696739838963712,1.0,non-depressed
1447699444359647232,0.655,mild
1447700717649768448,1.0,non-depressed
1447702386407985152,0.663,moderate
1447702517140369408,1.0,non-depressed
1447702811551191040,0.655,mild
1447703214749589504,0.682,mild
1447703224899756032,1.0,mild
1447703916129386496,0.655,mild
1447705648934932480,1.0,non-depressed
1447705766413078528,0.667,mild
1447706529952681984,1.0,non-depressed
1447706643031109632,0.663,moderate
1447706949303341056,1.0,non-depressed
1447707086599692288,1.0,non-depressed
1447707416435441664,1.0,non-depressed
1447708227290943488,1.0,non-depressed
1447709212491010048,0.67,non-depressed
1447712204967460864,0.659,non-depressed
1447713411387830272,1.0,non-depressed
1447713829404790784,0.663,severe
1447714399247085568,1.0,non-depressed
1447714973128409088,0.663,non-depressed
1447715193895591936,1.0,non-depressed
1447715741000736768,0.651,mild
1447715935423537152,0.678,non-depressed
1447716456418799616,1.0,non-depressed
1447716946737188864,1.0,non-depressed
1447717038198169600,0.659,non-depressed
1447718222808199168,1.0,non-depressed
1447718851148333056,1.0,non-depressed
1447720664031432704,1.0,non-depressed
1447725251538919424,1.0,non-depressed
1447726070376157184,1.0,non-depressed
1447726274928119808,0.667,moderate
1447726985564725248,1.0,mild
1447727984903966720,1.0,non-depressed
1447728596689174528,1.0,non-depressed
1447729846084329472,0.667,non-depressed
1447730099273363456,1.0,non-depressed
1447731055079800832,0.67,non-depressed
1447731076781121536,1.0,non-depressed
1447732539171483648,1.0,non-depressed
1447735085818593280,0.659,mild
1447737215451377664,1.0,non-depressed
1447737811596161024,1.0,non-depressed
1447739172924506112,0.663,non-depressed
1447740061617991680,0.686,moderate
1447740335543652352,1.0,non-depressed
1447740522299215872,0.667,mild
1447741233678389248,1.0,non-depressed
1447742543844687872,0.667,non-depressed
1447743775229546496,1.0,non-depressed
1447745054513188864,1.0,non-depressed
1447745520676622336,0.663,mild
1447746790426619904,1.0,mild
1447747127984205824,1.0,non-depressed
1447752741250650112,1.0,non-depressed
1447753041206251520,0.682,non-depressed
1447753367824961536,1.0,non-depressed
1447756844034781184,1.0,non-depressed
1447758779626528768,0.651,moderate
1447759013962084352,1.0,non-depressed
1447759261317148672,1.0,non-depressed
1447761246749487104,1.0,non-depressed
1447762302560714752,0.67,non-depressed
1447764124344143872,1.0,non-depressed
1447764939817603072,0.667,non-depressed
1447768136766431232,1.0,non-depressed
1447769058330349568,0.667,non-depressed
1447769675396378624,0.674,mild
1447770448935145472,0.667,non-depressed
1447773397061148672,0.67,moderate
1447773597532135424,1.0,non-depressed
1447773890017579008,0.667,moderate
1447776470521327616,1.0,non-depressed
1447778945940787200,0.667,mild
1447779329413292032,1.0,severe
1447780607900233728,1.0,non-depressed
1447781346680659968,1.0,non-depressed
1447781674327154688,0.674,non-depressed
1447785093578199040,1.0,non-depressed
1447785479538102272,0.674,non-depressed
1447788394113744896,1.0,non-depressed
1447789161314799616,0.659,mild
1447789190842916864,0.667,non-depressed
1447790362257412096,0.667,non-depressed
1447792145176334336,1.0,non-depressed
1447792501193003008,1.0,non-depressed
1447792595132768256,1.0,non-depressed
1447792758920343552,0.647,mild
1447794527486431232,0.674,non-depressed
1447795627484606464,1.0,non-depressed
1447796135402242048,1.0,non-depressed
1447796494266994688,1.0,non-depressed
1447799291918131200,0.655,mild
1447800290837737472,1.0,non-depressed
1447800311171588096,1.0,non-depressed
1447800528478613504,1.0,non-depressed
1447800871513886720,0.674,non-depressed
1447802160431841280,0.655,non-depressed
1447802616897937408,1.0,non-depressed
1447803639440027648,0.667,non-depressed
1447804800230256640,1.0,non-depressed
1447807937016045568,1.0,severe
1447807987675025408,1.0,non-depressed
1447808068771713024,0.659,non-depressed
1447810012387086336,0.663,mild
1447811647419162624,0.651,moderate
1447814262978662400,0.67,mild
1447814619779698688,1.0,non-depressed
1447815227542704128,0.674,non-depressed
1447815316315140096,1.0,non-depressed
1447818190239633408,1.0,non-depressed
1447818489167851520,1.0,non-depressed
1447819161434931200,1.0,non-depressed
1447819524527456256,1.0,non-depressed
1447819944582950912,1.0,non-depressed
1447820664270901248,0.663,moderate
1447821911627599872,0.682,non-depressed
1447823410638295040,0.663,non-depressed
1447823437242589184,1.0,non-depressed
1447825618880524288,1.0,non-depressed
1447825795687256064,0.67,mild
1447826320747110400,1.0,non-depressed
1447827431063130112,1.0,non-depressed
1447828175187234816,1.0,non-depressed
1447828601617801216,1.0,non-depressed
1447829879379091456,1.0,non-depressed
1447832843170861056,0.674,non-depressed
1447833454662414336,1.0,mild
1447835059600379904,0.674,severe
1447837195948236800,0.663,non-depressed
1447837205200781312,1.0,non-depressed
1447838899359862784,1.0,non-depressed
1447842635914358784,1.0,moderate
1447846268747882496,0.663,moderate
1447846628619063296,0.663,mild
1447847770467995648,0.67,mild
1447850552692461568,1.0,non-depressed
1447855818192433152,0.659,mild
1447858041089667072,1.0,non-depressed
1447859351830634496,1.0,non-depressed
1447861776071081984,1.0,non-depressed
1447862274475974656,1.0,non-depressed
1447866139594346496,1.0,non-depressed
1447866355596726272,0.663,mild
1447866614221783040,0.678,mild
1447867733971021824,0.655,non-depressed
1447868930983407616,1.0,non-depressed
1447871880921235456,0.667,non-depressed
1447873040419749888,1.0,non-depressed
1447873627773341696,1.0,non-depressed
1447875993931296768,0.67,non-depressed
1447876942380683264,1.0,non-depressed
1447878302723682304,0.659,mild
1447878409179308032,1.0,non-depressed
1447881873426980864,1.0,non-depressed
1447883331157348352,0.663,non-depressed
1447888700470218752,1.0,non-depressed
1447892492196761600,1.0,non-depressed
1447893606057058304,1.0,non-depressed
1447894692708986880,0.667,non-depressed
1447894900763250688,0.667,non-depressed
1447894915464237056,1.0,non-depressed
1447895516260585472,1.0,non-depressed
1447895543393529856,1.0,non-depressed
1447895838328598528,1.0,non-depressed
1447896327598211072,1.0,non-depressed
1447907345082761216,1.0,non-depressed
1447908329456484352,1.0,non-depressed
1447908773021028352,0.663,mild
1447908802922258432,1.0,moderate
1447909402338422784,1.0,non-depressed
1447912632686628864,1.0,mild
1447914291307315200,1.0,non-depressed
1447917803466633216,1.0,non-depressed
1447918792173051904,1.0,non-depressed
1447918853586104320,1.0,non-depressed
1447918877334196224,0.663,mild
1447919260899102720,1.0,non-depressed
1447922180025618432,0.686,non-depressed
1447932560386973696,0.675,non-depressed
1447934532770992128,1.0,non-depressed
1447939570960568320,1.0,non-depressed
1447941020868620288,1.0,non-depressed
1447941242705231872,1.0,non-depressed
1447942071105564672,1.0,non-depressed
1447942320125399040,1.0,non-depressed
1447943230948061184,1.0,non-depressed
1447943546829516800,0.674,non-depressed
1447943674424401920,1.0,non-depressed
1447943818775461888,0.659,non-depressed
1447944621816893440,1.0,non-depressed
1447945346282180608,1.0,non-depressed
1447945945451204608,0.674,mild
1447948058658951168,0.663,non-depressed
1447948115462529024,1.0,non-depressed
1447948155887276032,1.0,non-depressed
1447948618795728896,1.0,non-depressed
1447949422348865536,1.0,non-depressed
1447949424739688448,1.0,non-depressed
1447950060923154432,0.663,non-depressed
1447950171204030464,0.674,non-depressed
1447951888243101696,1.0,non-depressed
1447952716257497088,1.0,non-depressed
1447954149618765824,1.0,non-depressed
1447954635810091008,0.674,non-depressed
1447954948226957312,0.674,non-depressed
1447954987808698368,0.663,moderate
1447955300590358528,1.0,non-depressed
1447958195863961600,0.678,mild
1447958437330104320,0.663,non-depressed
1447958796932845568,1.0,non-depressed
1447958867636277248,1.0,non-depressed
1447958890939920384,1.0,non-depressed
1447959050063319040,1.0,non-depressed
1447962880880652288,0.678,non-depressed
1447963401901248512,1.0,non-depressed
1447963708861333504,1.0,non-depressed
1447963869561958400,0.659,non-depressed
1447965027013648384,1.0,non-depressed
1447965129883234304,1.0,non-depressed
1447965468271202304,0.678,non-depressed
1447967991216345088,1.0,mild
1447968072388775936,0.655,moderate
1447969447633956864,0.67,non-depressed
1447969864321228800,1.0,non-depressed
1447969949264265216,0.674,mild
1447971617204695040,0.655,severe
1447974248488869888,1.0,non-depressed
1447975166646964224,1.0,non-depressed
1447975453873016832,1.0,non-depressed
1447977497077899264,1.0,non-depressed
1447977923626033152,0.667,severe
1447978153343950848,0.686,mild
1447978323179708416,1.0,moderate
1447978470961827840,1.0,non-depressed
1447978597096910848,1.0,mild
1447979603415519232,1.0,non-depressed
1447979603658739712,1.0,non-depressed
1447979817001914368,0.647,non-depressed
1447980821336449024,1.0,non-depressed
1447981103059329024,0.674,non-depressed
1447982944287657984,1.0,moderate
1447987311321493504,1.0,non-depressed
1447988138924724224,1.0,non-depressed
1447989443202326528,1.0,non-depressed
1447989938469937152,1.0,non-depressed
1447992499574767616,1.0,non-depressed
1447992697424420864,0.67,mild
1447993944781074432,1.0,non-depressed
1447994426857566208,0.663,non-depressed
1447996757737099264,1.0,non-depressed
1447997797853184000,1.0,non-depressed
1447997880803987456,0.667,non-depressed
1447997977059074048,1.0,non-depressed
1448004054693580800,1.0,non-depressed
1448005030137647104,0.69,non-depressed
1448005839285932032,0.651,mild
1448006632173150208,0.67,non-depressed
1448010273575505920,1.0,non-depressed
1448010496922116096,0.663,non-depressed
1448011484076724224,1.0,non-depressed
1448013016373530624,1.0,non-depressed
1448013089979338752,0.655,non-depressed
1448015660320268288,1.0,non-depressed
1448016681939312640,1.0,non-depressed
1448020237702467584,1.0,mild
1448021248068493312,1.0,non-depressed
1448021891256623104,1.0,non-depressed
1448022420888117248,1.0,non-depressed
1448022831510392832,1.0,non-depressed
1448027109000048640,1.0,non-depressed
1448028599324397568,0.659,non-depressed
1448029728653254656,0.667,moderate
1448034861302829056,1.0,non-depressed
1448035513655447552,0.663,mild
1448038941177823232,1.0,non-depressed
1448039728805257216,1.0,non-depressed
1448039951866662912,1.0,non-depressed
1448039982065766400,1.0,non-depressed
1448042494852276224,0.674,severe
1448042834880307200,1.0,non-depressed
1448043209469349888,0.674,non-depressed
1448044473561272320,0.655,mild
1448047117285593088,1.0,non-depressed
1448048264557834240,0.655,moderate
1448050393116721152,1.0,non-depressed
1448050584033144832,1.0,non-depressed
1448051245415997440,1.0,non-depressed
1448051306216624128,0.675,moderate
1448051378975227904,1.0,non-depressed
1448051396050305024,1.0,non-depressed
1448051664615837696,0.663,mild
1448052521784598528,1.0,non-depressed
1448053317423206400,1.0,non-depressed
1448053323123159040,0.659,mild
1448054639392329728,1.0,non-depressed
1448054973703589888,0.674,non-depressed
1448056431802978304,1.0,non-depressed
1448056859538116608,0.67,non-depressed
1448056968153735168,1.0,mild
1448059985003417600,1.0,non-depressed
1448060065030750208,1.0,non-depressed
1448060073507495936,1.0,mild
1448061560493051904,1.0,non-depressed
1448062615955984384,1.0,non-depressed
1448067749008363520,0.682,mild
1448068173698318336,1.0,non-depressed
1448071592253300736,0.651,non-depressed
1448072907289153536,0.678,non-depressed
1448075435988774912,1.0,non-depressed
1448077756101713920,0.663,non-depressed
1448078026848227328,0.674,non-depressed
1448078897355137024,1.0,non-depressed
1448079211051327488,0.686,non-depressed
1448080774838771712,0.659,mild
1448081994672447488,1.0,non-depressed
1448083148626173952,0.682,non-depressed
1448083653561491456,1.0,non-depressed
1448084708445802496,1.0,non-depressed
1448086610604695552,1.0,non-depressed
1448088018733129728,0.682,mild
1448090941336731648,1.0,non-depressed
1448092302665207808,1.0,non-depressed
1448092490628743168,1.0,non-depressed
1448093219481399296,0.69,non-depressed
1448096463725158400,1.0,non-depressed
1448097534337945600,0.667,non-depressed
1448098098903801856,1.0,non-depressed
1448098396632489984,0.663,mild
1448099823014617088,0.67,non-depressed
1448101805204774912,0.686,non-depressed
1448104385091866624,1.0,non-depressed
1448104613291380736,0.674,non-depressed
1448108378253926400,1.0,non-depressed
1448109891781079040,1.0,non-depressed
1448113334872461312,1.0,non-depressed
1448114199641665536,0.682,non-depressed
1448115247781396480,1.0,non-depressed
1448116236877975552,0.663,non-depressed
1448116278967799808,1.0,non-depressed
1448118146007633920,1.0,non-depressed
1448118343886458880,1.0,non-depressed
1448119341254336512,1.0,non-depressed
1448125082358923264,1.0,severe
1448128339999330304,0.667,non-depressed
1448129291372408832,0.667,mild
1448129643874246656,1.0,non-depressed
1448130992980602880,0.674,mild
1448132759113777152,0.674,non-depressed
1448133070196908032,1.0,non-depressed
1448135055042236416,0.667,non-depressed
1448141530875662336,0.67,non-depressed
1448141913903693824,0.659,non-depressed
1448143770386518016,1.0,non-depressed
1448144654998851584,1.0,non-depressed
1448144845537693696,1.0,mild
1448145560112930816,0.663,non-depressed
1448149958901780480,1.0,non-depressed
1448152426746363904,1.0,non-depressed
1448152554651590656,1.0,non-depressed
1448153270984212480,1.0,non-depressed
1448154661018537984,1.0,non-depressed
1448156911531184128,1.0,non-depressed
1448157948664954880,0.659,mild
1448158282959437824,0.667,non-depressed
1448158883562852352,1.0,non-depressed
1448159912266133504,1.0,non-depressed
1448160271550189568,1.0,non-depressed
1448160580314058752,0.659,non-depressed
1448161222310780928,0.67,non-depressed
1448161885887533056,1.0,non-depressed
1448163249531363328,1.0,mild
1448164927705952256,0.67,mild
1448165394942808064,0.667,mild
1448166056653066240,0.667,non-depressed
1448166265730658304,0.674,moderate
1448166480206602240,0.67,non-depressed
1448169788824555520,0.667,non-depressed
1448171503456079872,1.0,non-depressed
1448171567331041280,1.0,non-depressed
1448175651479949312,1.0,non-depressed
1448178916632453120,1.0,non-depressed
1448180531410059264,1.0,non-depressed
1448181887365783552,1.0,non-depressed
1448183688517373952,0.674,non-depressed
1448184194249551872,1.0,non-depressed
1448184764901601280,1.0,non-depressed
1448188066661863424,0.667,mild
1448189953754771456,1.0,non-depressed
1448191744277815296,1.0,non-depressed
1448193044184911872,1.0,non-depressed
1448193414575525888,0.663,mild
1448197438955659264,1.0,non-depressed
1448198180332576768,1.0,non-depressed
1448198702296825856,0.67,non-depressed
1448199919160815616,1.0,moderate
1448200157774946304,1.0,non-depressed
1448202246437494784,0.659,non-depressed
1448203520885334016,0.67,non-depressed
1448205874531549184,1.0,non-depressed
1448207015617118208,1.0,non-depressed
1448207288653783040,1.0,non-depressed
1448208040927404032,0.667,mild
1448211490666778624,0.667,non-depressed
1448212015470637056,1.0,non-depressed
1448212178671181824,0.682,moderate
1448214585236865024,0.67,non-depressed
1448215076054478848,1.0,non-depressed
1448218570442387456,1.0,mild
1448221386275758080,1.0,non-depressed
1448221873272098816,1.0,non-depressed
1448224217120509952,0.682,mild
1448230630123245568,1.0,non-depressed
1448235869983453184,0.663,moderate
1448237786075590656,1.0,non-depressed
1448244435221815296,0.674,moderate
1448249403131801600,1.0,non-depressed
1448253492511088640,0.67,mild
1448255788791836672,1.0,non-depressed
1448256559763558400,1.0,non-depressed
1448261046397898752,1.0,non-depressed
1448262084089847808,1.0,non-depressed
1448267774778773504,1.0,non-depressed
1448273476071084032,1.0,non-depressed
1448275191738556416,0.678,non-depressed
1448279884845961216,1.0,non-depressed
1448280328137629696,1.0,non-depressed
1448281788292366336,1.0,mild
1448286226637860864,1.0,non-depressed
1448286440513757184,1.0,non-depressed
1448295228838801408,0.651,moderate
1448296530616672256,1.0,non-depressed
1448296815254818816,1.0,non-depressed
1448299979223846912,1.0,non-depressed
1448301068861988864,0.674,non-depressed
1448301403563307008,1.0,non-depressed
1448301654218969088,1.0,non-depressed
1448302512168185856,1.0,non-depressed
1448304317178413056,1.0,non-depressed
1448304618358771712,0.674,non-depressed
1448306282729861120,1.0,non-depressed
1448307568091312128,1.0,non-depressed
1448309957502373888,0.659,moderate
1448310045427437568,0.659,mild
1448310387909271552,1.0,non-depressed
1448313031818190848,1.0,moderate
1448315748376588288,1.0,non-depressed
1448317098342637568,1.0,non-depressed
1448321923260162048,1.0,non-depressed
1448330038227709952,1.0,non-depressed
1448330991882276864,0.67,non-depressed
1448332915784384512,1.0,non-depressed
1448333178821881856,1.0,non-depressed
1448334301607649280,1.0,mild
1448335524515696640,1.0,non-depressed
1448340674152067072,1.0,non-depressed
1448342900928958464,1.0,non-depressed
1448342965496147968,1.0,non-depressed
1448345691835699200,1.0,non-depressed
1448348601055330304,0.682,non-depressed
1448349507142438912,1.0,non-depressed
1448353926617632768,0.667,non-depressed
1448355211110588416,1.0,non-depressed
1448355790151110656,1.0,non-depressed
1448359173142548480,1.0,non-depressed
1448366187352506368,1.0,non-depressed
1448372268514496512,1.0,non-depressed
1448378120151748608,1.0,non-depressed
1448379509816836096,1.0,non-depressed
1448384210436194304,1.0,non-depressed
1448384398911590400,1.0,non-depressed
1448384949611028480,1.0,non-depressed
1448385567343841280,1.0,non-depressed
1448385972207489024,1.0,non-depressed
1448387723040018432,1.0,non-depressed
1448387891286007808,1.0,non-depressed
1448389353357651968,0.69,non-depressed
1448391374005542912,0.667,non-depressed
1448393517798068224,0.667,non-depressed
1448395394371801088,1.0,non-depressed
1448396029682872320,0.67,non-depressed
1448396182816841728,1.0,non-depressed
1448404584683094016,0.659,moderate
1448404772848128000,1.0,non-depressed
1448404800551411712,1.0,non-depressed
1448406198840090624,1.0,non-depressed
1448408103297429504,1.0,non-depressed
1448408942866939904,1.0,non-depressed
1448411938644381696,1.0,non-depressed
1448417968111636480,0.663,non-depressed
1448418773107679232,0.667,mild
1448425931903696896,1.0,non-depressed
1448429737286717440,0.663,moderate
1448429857738825728,1.0,non-depressed
1448433426869129216,1.0,non-depressed
1448434189590614016,0.678,non-depressed
1448441274130841600,1.0,non-depressed
1448444580475584512,0.69,non-depressed
1448444912601636864,1.0,non-depressed
1448445824019484672,0.67,moderate
1448447043341594624,1.0,non-depressed
1448447869443248128,1.0,non-depressed
1448452188326539264,0.667,mild
1448452962909556736,0.663,moderate
1448455178252963840,1.0,non-depressed
1448455917255671808,1.0,non-depressed
1448456474120753152,1.0,non-depressed
1448459600663961600,0.663,moderate
1448463133668900864,0.663,non-depressed
1448469616322252800,0.674,non-depressed
1448472199690551296,1.0,non-depressed
1448473330424688640,0.663,non-depressed
1448495706663129088,1.0,non-depressed
1448495713260822528,1.0,severe
1448515636108435456,0.674,mild
1448527670564687872,1.0,non-depressed
1448528454668984320,1.0,non-depressed
1448529826810236928,0.67,non-depressed
1448535073251373056,1.0,non-depressed
1448543576921501696,0.674,severe
1448555605766156288,1.0,non-depressed
1448587416298786816,0.663,non-depressed
1448603237611827200,0.69,non-depressed
1448605252744265728,1.0,non-depressed
1448619336525127680,0.67,mild
1448625519344472064,1.0,non-depressed
1448638261631471616,0.655,mild
1448642353426833408,1.0,non-depressed
1448649960077938688,0.674,mild
1448724614817861632,1.0,non-depressed
1448905233309044736,1.0,non-depressed
1449112850883137536,1.0,non-depressed
1449173248927834112,1.0,non-depressed
1449178371922042880,1.0,non-depressed
1449434434210570240,1.0,non-depressed
1449441439973355520,0.686,non-depressed
1449441898884579328,1.0,non-depressed
1449443800607244288,1.0,non-depressed
1449444743352500224,0.667,non-depressed
1449445306664431616,1.0,non-depressed
1449448408779923456,0.659,mild
1449449849829543936,1.0,non-depressed
1449451403001356288,0.678,non-depressed
1449453061777334272,1.0,non-depressed
1449454676735250432,1.0,non-depressed
1449455218224214016,0.667,non-depressed
1449455851253600256,1.0,non-depressed
1449456883664830464,0.667,non-depressed
1449457608075665408,0.667,non-depressed
1449459898161328128,1.0,non-depressed
1449460167200972800,0.67,non-depressed
1449462173953052672,1.0,non-depressed
1449464361743839232,0.663,mild
1449464434703802368,1.0,non-depressed
1449465357656231936,1.0,non-depressed
1449467790281388032,0.655,mild
1449467844085882880,1.0,non-depressed
1449468104153632768,1.0,non-depressed
1449469558192889856,0.678,non-depressed
1449469813752012800,1.0,non-depressed
1449470491203407872,1.0,non-depressed
1449471135632945152,1.0,non-depressed
1449471186145005568,0.667,non-depressed
1449471564785741824,1.0,non-depressed
1449472658312032256,1.0,non-depressed
1449472715052699648,0.667,mild
1449472886108946432,1.0,non-depressed
1449473826237132800,1.0,non-depressed
1449474559346987008,1.0,non-depressed
1449475204120518656,1.0,non-depressed
1449475482613866496,1.0,non-depressed
1449475509344145408,1.0,non-depressed
1449475725350821888,1.0,non-depressed
1449482287146545152,1.0,mild
1449482897526767616,1.0,non-depressed
1449483426663337984,1.0,non-depressed
1449483459320291328,1.0,non-depressed
1449484510769385472,1.0,non-depressed
1449485927735300096,1.0,non-depressed
1449486763420839936,1.0,non-depressed
1449486983428980736,1.0,non-depressed
1449488593903239168,1.0,non-depressed
1449488806600716288,1.0,non-depressed
1449489273229651968,1.0,non-depressed
1449490594024280064,1.0,non-depressed
1449490921674854400,1.0,non-depressed
1449491614380998656,0.682,non-depressed
1449492690438025216,0.663,non-depressed
1449495724765237248,1.0,non-depressed
1449495914758955008,1.0,non-depressed
1449497017802166272,1.0,non-depressed
1449497089487036416,1.0,non-depressed
1449497441871466496,0.659,non-depressed
1449497784034418688,1.0,non-depressed
1449498240513155072,1.0,non-depressed
1449502574395146240,1.0,non-depressed
1449503541366714368,1.0,non-depressed
1449503826227126272,1.0,non-depressed
1449504141533929472,1.0,non-depressed
1449505944325562368,1.0,non-depressed
1449506087049175040,1.0,non-depressed
1449506370198274048,1.0,non-depressed
1449506853512261632,1.0,non-depressed
1449507240222855168,0.674,non-depressed
1449507584495562752,0.667,mild
1449508028861014016,1.0,non-depressed
1449508983413297152,1.0,non-depressed
1449509211793203200,1.0,non-depressed
1449509252591235072,1.0,non-depressed
1449509447903162368,0.674,mild
1449510013492293632,1.0,non-depressed
1449510177775013888,1.0,non-depressed
1449511508715659264,1.0,non-depressed
1449511697065074688,1.0,non-depressed
1449511969841627136,1.0,non-depressed
1449512659154518016,1.0,non-depressed
1449513443514593280,0.686,non-depressed
1449515301205381120,1.0,non-depressed
1449515500837474304,1.0,non-depressed
1449515827078774784,1.0,non-depressed
1449515909790449664,1.0,non-depressed
1449517776951930880,1.0,non-depressed
1449520856351318016,1.0,non-depressed
1449523456584798208,0.67,mild
1449523752392331264,1.0,non-depressed
1449524439075405824,1.0,non-depressed
1449526343239077888,1.0,non-depressed
1449527131978010624,1.0,non-depressed
1449527282100576256,1.0,non-depressed
1449527377516642304,1.0,non-depressed
1449527834985340928,1.0,non-depressed
1449527853859713024,1.0,non-depressed
1449527900961742848,1.0,non-depressed
1449528116808880128,0.674,non-depressed
1449529182350979072,1.0,non-depressed
1449529651727065088,1.0,non-depressed
1449529907390951424,0.663,non-depressed
1449530347452911616,0.674,non-depressed
1449531038695297024,1.0,non-depressed
1449532110750904320,1.0,non-depressed
1449532429023301632,1.0,non-depressed
1449533141790732288,1.0,non-depressed
1449533263249383424,1.0,non-depressed
1449533738858123264,0.667,non-depressed
1449534799237029888,0.659,non-depressed
1449535420375654400,1.0,non-depressed
1449536414073253888,1.0,non-depressed
1449537300241608704,1.0,non-depressed
1449538560571420672,1.0,non-depressed
1449539460836864000,1.0,non-depressed
1449539932427472896,1.0,non-depressed
1449540960204042240,1.0,non-depressed
1449541899212234752,1.0,non-depressed
1449541900294316032,1.0,non-depressed
1449542672214110208,1.0,non-depressed
1449544018627530752,1.0,non-depressed
1449544341043691520,0.67,non-depressed
1449544613023334400,1.0,non-depressed
1449545664916910080,1.0,non-depressed
1449546157257109504,0.67,non-depressed
1449546906527576064,1.0,non-depressed
1449547765122490368,0.655,non-depressed
1449548449075146752,0.67,non-depressed
1449549995468804096,1.0,non-depressed
1449550683884048384,0.663,moderate
1449550714661974016,1.0,non-depressed
1449550949794471936,1.0,non-depressed
1449553062159339520,1.0,non-depressed
1449553696203759616,1.0,non-depressed
1449553959035838464,1.0,non-depressed
1449555290601443328,1.0,non-depressed
1449555353167974400,1.0,non-depressed
1449555526728171520,0.667,mild
1449558410639331328,1.0,non-depressed
1449558661819510784,1.0,non-depressed
1449558679791890432,0.663,mild
1449559439720263680,1.0,non-depressed
1449563230892867584,1.0,non-depressed
1449563423180656640,1.0,non-depressed
1449563703528001536,1.0,non-depressed
1449564137260990464,1.0,mild
1449565808812695552,1.0,non-depressed
1449567156580995072,0.663,non-depressed
1449567980115959808,1.0,non-depressed
1449569582176407552,1.0,non-depressed
1449571084433510400,1.0,non-depressed
1449572006236721152,1.0,non-depressed
1449572134121058304,1.0,non-depressed
1449572665082073088,0.674,non-depressed
1449572761005969408,1.0,non-depressed
1449573610616725504,1.0,non-depressed
1449576331893743616,0.659,non-depressed
1449576548454092800,0.667,non-depressed
1449577276488617984,0.667,moderate
1449578062379687936,1.0,non-depressed
1449578360535863296,0.667,non-depressed
1449578841492631552,1.0,non-depressed
1449579101136752640,1.0,non-depressed
1449579695180238848,1.0,non-depressed
1449580916494540800,1.0,non-depressed
1449580936895553536,0.667,non-depressed
1449582277890125824,1.0,non-depressed
1449583612114788352,0.659,mild
1449584836159627264,1.0,non-depressed
1449585832885587968,1.0,non-depressed
1449585987441541120,1.0,non-depressed
1449586010116042752,1.0,non-depressed
1449588622655696896,1.0,non-depressed
1449590130692575232,1.0,non-depressed
1449591516918337536,1.0,non-depressed
1449591550925803520,0.667,non-depressed
1449591764612882432,1.0,non-depressed
1449592496477163520,1.0,non-depressed
1449592688911728640,1.0,non-depressed
1449592960539049984,0.667,non-depressed
1449594132540837888,0.682,non-depressed
1449598104718778368,1.0,non-depressed
1449599254503251968,1.0,non-depressed
1449600144723398656,1.0,non-depressed
1449600264827072512,1.0,non-depressed
1449601796469559296,1.0,non-depressed
1449602296669638656,1.0,non-depressed
1449602989757542400,1.0,non-depressed
1449604232697446400,1.0,non-depressed
1449604492396310528,1.0,non-depressed
1449605499595280384,1.0,non-depressed
1449607618830368768,1.0,non-depressed
1449608601715232768,1.0,non-depressed
1449608798553923584,0.674,non-depressed
1449609478836424704,1.0,non-depressed
1449609579290103808,1.0,non-depressed
1449610623315111936,1.0,non-depressed
1449610898524409856,1.0,non-depressed
1449611701108740096,1.0,non-depressed
1449611773170962432,1.0,non-depressed
1449614164020891648,0.663,non-depressed
1449614858895380480,0.675,mild
1449615120259170304,1.0,non-depressed
1449615648531759104,0.67,non-depressed
1449616159431696384,1.0,non-depressed
1449616766578135040,1.0,non-depressed
1449617994506817536,0.67,non-depressed
1449618152858525696,1.0,non-depressed
1449618418500390912,1.0,non-depressed
1449620055533051904,0.663,mild
1449620455716003840,1.0,non-depressed
1449620574209249280,1.0,non-depressed
1449621252436602880,1.0,non-depressed
1449622444684333056,0.678,mild
1449622578839138304,1.0,non-depressed
1449625283133386752,1.0,non-depressed
1449625623027089408,1.0,non-depressed
1449626124229615616,1.0,non-depressed
1449627381707132928,1.0,non-depressed
1449627754056589312,0.659,non-depressed
1449628153672978432,1.0,non-depressed
1449629502406021120,0.663,non-depressed
1449631409295876096,1.0,non-depressed
1449633627927613440,0.67,non-depressed
1449633940906598400,0.663,non-depressed
1449634041418846208,1.0,non-depressed
1449634388396941312,1.0,non-depressed
1449634727657365504,1.0,non-depressed
1449635317481357312,1.0,non-depressed
1449636918870822912,1.0,non-depressed
1449637248391991296,1.0,non-depressed
1449637280130473984,1.0,non-depressed
1449637676383039488,0.69,non-depressed
1449638862892900352,1.0,non-depressed
1449638953188040704,1.0,non-depressed
1449639313025736704,1.0,non-depressed
1449639342083870720,1.0,non-depressed
1449642846588391424,1.0,non-depressed
1449643089987964928,1.0,non-depressed
1449644787150229504,1.0,non-depressed
1449645737596305408,1.0,non-depressed
1449647388403109888,1.0,non-depressed
1449648410080907264,1.0,non-depressed
1449649810315776000,0.663,mild
1449652113651355648,1.0,non-depressed
1449652167137103872,1.0,non-depressed
1449652982333726720,1.0,non-depressed
1449653083043139584,0.663,mild
1449653346072240128,1.0,non-depressed
1449654957179916288,1.0,non-depressed
1449655067766755328,0.667,mild
1449655633628876800,1.0,non-depressed
1449656700714340352,1.0,non-depressed
1449657200511643648,1.0,non-depressed
1449658728609763328,1.0,non-depressed
1449659622478909440,1.0,non-depressed
1449660044832870400,1.0,non-depressed
1449660346839420928,0.67,non-depressed
1449663107576602624,0.678,mild
1449664018357030912,1.0,non-depressed
1449664483480178688,1.0,non-depressed
1449665931932745728,1.0,non-depressed
1449666170055954432,1.0,non-depressed
1449667832099246080,1.0,non-depressed
1449670142854672384,0.659,non-depressed
1449670972106100736,1.0,non-depressed
1449671481420566528,0.67,non-depressed
1449671825449885696,1.0,non-depressed
1449673468967063552,0.674,non-depressed
1449674479886487552,1.0,non-depressed
1449678505285931008,0.659,non-depressed
1449678892705456128,1.0,non-depressed
1449679157370228736,1.0,non-depressed
1449680718901121024,1.0,non-depressed
1449683898850369536,1.0,non-depressed
1449684607784439808,1.0,non-depressed
1449684876148584448,1.0,non-depressed
1449684958402859008,1.0,non-depressed
1449689492835782656,1.0,non-depressed
1449689818254823424,0.663,non-depressed
1449692573291802624,0.67,non-depressed
1449693187962978304,0.667,non-depressed
1449697535337975808,1.0,non-depressed
1449698391840145408,1.0,non-depressed
1449700119369207808,0.655,non-depressed
1449700559636684800,1.0,non-depressed
1449702418019667968,1.0,non-depressed
1449705179519983616,1.0,non-depressed
1449705611982213120,1.0,non-depressed
1449706416290291712,1.0,non-depressed
1449708909166399488,1.0,non-depressed
1449712078478925824,1.0,non-depressed
1449713827487129600,0.67,non-depressed
1449716553927233536,0.67,non-depressed
1449716878700683264,1.0,non-depressed
1449717714923233280,1.0,non-depressed
1449717928136433664,1.0,non-depressed
1449718660453515264,1.0,non-depressed
1449720169874411520,1.0,non-depressed
1449720617834467328,1.0,non-depressed
1449721446649958400,1.0,non-depressed
1449724621146705920,0.667,non-depressed
1449726123416432640,1.0,non-depressed
1449727510460108800,1.0,non-depressed
1449727647244644352,1.0,non-depressed
1449727744493998080,1.0,non-depressed
1449727801679130624,1.0,non-depressed
1449727804589805568,1.0,non-depressed
1449727866866782208,0.667,mild
1449728068378001408,1.0,non-depressed
1449730799310303232,1.0,non-depressed
1449731505891287040,1.0,non-depressed
1449732017772535808,1.0,non-depressed
1449734196256256000,1.0,mild
1449734528826675200,1.0,non-depressed
1449734934759870464,1.0,non-depressed
1449736524203974656,0.67,non-depressed
1449736943751860224,0.667,non-depressed
1449737280030064640,1.0,non-depressed
1449738338680852480,1.0,non-depressed
1449738417281978368,1.0,non-depressed
1449738567203295232,1.0,non-depressed
1449739355564695552,0.667,non-depressed
1449739479930052608,1.0,non-depressed
1449741175649447936,1.0,non-depressed
1449743090269425664,0.674,non-depressed
1449745562031439872,1.0,non-depressed
1449749820990648320,0.678,non-depressed
1449750095965081600,0.678,non-depressed
1449753837074468864,1.0,non-depressed
1449753877713129472,1.0,non-depressed
1449754377003089920,1.0,non-depressed
1449754837692784640,1.0,non-depressed
1449755154450993152,1.0,non-depressed
1449756999546249216,0.674,non-depressed
1449757340975108096,1.0,non-depressed
1449757653043798016,1.0,non-depressed
1449758949088145408,0.663,non-depressed
1449761295121719296,1.0,non-depressed
1449762793306087424,1.0,non-depressed
1449762886809698304,0.663,non-depressed
1449764468150267904,1.0,non-depressed
1449765462577844224,0.667,non-depressed
1449767160134438912,1.0,non-depressed
1449768556728573952,1.0,non-depressed
1449768914917883904,1.0,non-depressed
1449769161522036736,1.0,non-depressed
1449769537566511104,1.0,non-depressed
1449769635386216448,1.0,non-depressed
1449769707523952640,1.0,non-depressed
1449769775127793664,0.674,moderate
1449770504672395264,0.67,non-depressed
1449770707722797056,0.667,non-depressed
1449771104483020800,1.0,non-depressed
1449773690057416704,0.655,non-depressed
1449774015900536832,0.667,non-depressed
1449774047886286848,1.0,non-depressed
1449774460144427008,1.0,non-depressed
1449774526590377984,0.659,mild
1449774934130102272,1.0,non-depressed
1449777231614537728,0.667,non-depressed
1449777982373908480,1.0,non-depressed
1449779018786500608,0.655,mild
1449779031235194880,0.667,moderate
1449780823771648000,1.0,non-depressed
1449782267799347200,0.655,non-depressed
1449783183944425472,0.682,mild
1449783213245689856,1.0,non-depressed
1449783217771491328,1.0,non-depressed
1449783472818638848,1.0,non-depressed
1449783938164035584,1.0,non-depressed
1449786643511193600,0.674,non-depressed
1449787235872632832,1.0,non-depressed
1449787435270000640,1.0,non-depressed
1449787677457489920,0.659,non-depressed
1449789226162085888,0.674,non-depressed
1449790199500656640,1.0,non-depressed
1449790839199313920,1.0,non-depressed
1449790854776832000,1.0,non-depressed
1449792223365582848,1.0,non-depressed
1449799274208841728,0.671,non-depressed
1449799714992496640,1.0,non-depressed
1449801467452432384,1.0,non-depressed
1449802187060695040,1.0,non-depressed
1449802339200733184,0.674,non-depressed
1449804428370927616,1.0,non-depressed
1449804480078352384,1.0,non-depressed
1449804558830645248,1.0,non-depressed
1449805470928146432,1.0,non-depressed
1449806650966114304,1.0,non-depressed
1449806749721108480,1.0,non-depressed
1449807143553613824,1.0,non-depressed
1449808150836678656,1.0,non-depressed
1449808281753427968,1.0,non-depressed
1449808649111707648,1.0,non-depressed
1449808793362124800,0.674,non-depressed
1449809161642983424,1.0,non-depressed
1449810150206935040,0.674,non-depressed
1449811808534081536,1.0,non-depressed
1449812405194723328,1.0,non-depressed
1449812470726631424,1.0,non-depressed
1449812478867746816,1.0,non-depressed
1449814502799671296,1.0,non-depressed
1449814675571494912,1.0,non-depressed
1449816157914030080,0.674,non-depressed
1449818073092042752,1.0,non-depressed
1449819120179023872,1.0,non-depressed
1449823552346083328,1.0,non-depressed
1449823687184633856,1.0,non-depressed
1449825464097251328,0.678,non-depressed
1449825910882902016,0.655,moderate
1449826057201258496,1.0,non-depressed
1449826699181441024,1.0,non-depressed
1449827040669097984,1.0,non-depressed
1449827130603413504,1.0,non-depressed
1449828646047436800,0.667,non-depressed
1449830465532272640,1.0,non-depressed
1449832579822231552,0.663,mild
1449832598319124480,1.0,non-depressed
1449834255429750784,1.0,non-depressed
1449834596292571136,1.0,non-depressed
1449834597756416000,0.667,non-depressed
1449835012665323520,1.0,non-depressed
1449835054365126656,0.667,non-depressed
1449836344331550720,1.0,non-depressed
1449836386446561280,1.0,non-depressed
1449836655817416704,1.0,non-depressed
1449837309764022272,1.0,non-depressed
1449838194476785664,1.0,non-depressed
1449838597046259712,1.0,non-depressed
1449838964181909504,1.0,non-depressed
1449839279887294464,0.678,non-depressed
1449839697488793600,1.0,non-depressed
1449839723950784512,1.0,non-depressed
1449839859250647040,1.0,non-depressed
1449840067204288512,1.0,non-depressed
1449840786363666432,0.67,non-depressed
1449841282008842240,1.0,non-depressed
1449842055685951488,1.0,non-depressed
1449842076862980096,1.0,non-depressed
1449846311302352896,1.0,non-depressed
1449846730892222464,1.0,non-depressed
1449847555727106048,0.659,mild
1449848429841059840,1.0,non-depressed
1449849583278845952,1.0,non-depressed
1449850527559426048,1.0,non-depressed
1449850963590848512,1.0,non-depressed
1449852877149589504,1.0,non-depressed
1449854118718152704,1.0,non-depressed
1449854967397847040,1.0,non-depressed
1449855172247638016,1.0,non-depressed
1449856193929879552,0.675,non-depressed
1449856287513141248,1.0,non-depressed
1449858353660895232,1.0,non-depressed
1449860056632152064,0.67,non-depressed
1449861345394843648,1.0,non-depressed
1449861439032725504,1.0,non-depressed
1449861756592009216,1.0,non-depressed
1449861963643854848,1.0,non-depressed
1449862347372126208,1.0,non-depressed
1449862644500877312,1.0,non-depressed
1449863383969198080,1.0,non-depressed
1449863547488407552,1.0,non-depressed
1449863660294316032,0.663,non-depressed
1449865267396362240,1.0,non-depressed
1449866059280838656,1.0,non-depressed
1449866202684264448,1.0,non-depressed
1449868133473259520,1.0,non-depressed
1449869930476843008,1.0,non-depressed
1449870021820403712,1.0,non-depressed
1449870879417159680,1.0,non-depressed
1449870889764331520,1.0,non-depressed
1449875763281506304,1.0,non-depressed
1449877988150026240,1.0,non-depressed
1449878517387251712,1.0,non-depressed
1449878924985577472,0.663,non-depressed
1449879537316212736,1.0,non-depressed
1449879744061722624,1.0,non-depressed
1449880740032831488,1.0,non-depressed
1449880996262789120,1.0,non-depressed
1449881162462150656,0.682,mild
1449881643028783104,1.0,non-depressed
1449881647462113280,0.663,mild
1449881726029910016,1.0,non-depressed
1449882161125941248,0.667,non-depressed
1449882564437725184,1.0,non-depressed
1449882691407601664,0.663,non-depressed
1449883000188121088,1.0,non-depressed
1449883687747719168,1.0,non-depressed
1449883806295539712,0.663,non-depressed
1449884304297824256,1.0,non-depressed
1449885129971732480,0.667,moderate
1449886565791113216,1.0,non-depressed
1449886596023480320,1.0,non-depressed
1449887113902657536,0.651,non-depressed
1449888227830140928,1.0,non-depressed
1449888327394541568,1.0,non-depressed
1449888455870271488,1.0,non-depressed
1449888585520500736,1.0,non-depressed
1449888620249296896,1.0,non-depressed
1449890188952408064,0.674,non-depressed
1449891023480573952,1.0,non-depressed
1449894257167380480,1.0,non-depressed
1449894419696656384,0.674,non-depressed
1449894952255721472,1.0,non-depressed
1449897683469193216,1.0,non-depressed
1449897790306410496,0.674,non-depressed
1449897901384142848,1.0,non-depressed
1449898003502878720,0.663,non-depressed
1449899155082530816,1.0,non-depressed
1449899795288576000,1.0,non-depressed
1449900485146779648,1.0,non-depressed
1449901438671392768,0.67,non-depressed
1449903257145516032,0.69,non-depressed
1449903609433362432,0.67,non-depressed
1449903710268755968,1.0,non-depressed
1449904275732131840,1.0,non-depressed
1449904280379461632,1.0,non-depressed
1449907886637948928,1.0,non-depressed
1449909237539237888,1.0,non-depressed
1449909406704013312,0.67,moderate
1449909840252264448,1.0,non-depressed
1449910095010091008,1.0,non-depressed
1449911072211808256,1.0,non-depressed
1449911462038839296,0.686,non-depressed
1449911681728094208,0.663,non-depressed
1449913612261367808,1.0,non-depressed
1449913646889541632,1.0,non-depressed
1449913793186775040,1.0,non-depressed
1449914212936036352,1.0,non-depressed
1449914940534439936,1.0,non-depressed
1449915470631501824,1.0,non-depressed
1449917414456578048,1.0,non-depressed
1449917439014223872,1.0,non-depressed
1449918638773846016,1.0,non-depressed
1449918961810751488,1.0,non-depressed
1449919752709853184,1.0,non-depressed
1449920174014877696,0.663,mild
1449921486668681216,1.0,non-depressed
1449922411307089920,0.663,non-depressed
1449923486563151872,1.0,non-depressed
1449923805594406912,1.0,non-depressed
1449923964768165888,1.0,non-depressed
1449924483750371328,1.0,non-depressed
1449925083955286016,0.663,non-depressed
1449925321050914816,0.659,non-depressed
1449925381344141312,1.0,non-depressed
1449925924175089664,1.0,non-depressed
1449926687110557696,1.0,non-depressed
1449926923501674496,1.0,non-depressed
1449927071921098752,1.0,non-depressed
1449928141191843840,1.0,non-depressed
1449928560467083264,1.0,non-depressed
1449929191273771008,0.682,non-depressed
1449929481976750080,1.0,non-depressed
1449930015353839616,1.0,non-depressed
1449930401561157632,1.0,non-depressed
1449932881850212352,1.0,non-depressed
1449933368913768448,1.0,non-depressed
1449933395002339328,1.0,non-depressed
1449933437251596288,0.663,non-depressed
1449934301777305600,1.0,non-depressed
1449934653125713920,1.0,non-depressed
1449935742516416512,1.0,non-depressed
1449935944279265280,1.0,non-depressed
1449936134184833024,1.0,non-depressed
1449936453845278720,1.0,non-depressed
1449937094038769664,1.0,non-depressed
1449938160075542528,1.0,non-depressed
1449939316726239232,1.0,non-depressed
1449939688232529920,1.0,non-depressed
1449940293260771328,0.67,non-depressed
1449940511121367040,1.0,non-depressed
1449941091285966848,0.67,non-depressed
1449941510980526080,1.0,non-depressed
1449942163471601664,0.667,non-depressed
1449942782815133696,0.674,non-depressed
1449942964181028864,0.667,non-depressed
1449943085782237184,1.0,non-depressed
1449944536378191872,1.0,non-depressed
1449944703995101184,1.0,non-depressed
1449945012767166464,1.0,non-depressed
1449945693590806528,1.0,non-depressed
1449946227093684224,1.0,non-depressed
1449946558158409728,0.67,non-depressed
1449946629428191232,0.67,non-depressed
1449946722575294464,0.667,mild
1449947773999124480,0.674,non-depressed
1449949876586881024,1.0,non-depressed
1449952523310219264,0.655,mild
1449955701053403136,0.67,non-depressed
1449956635586318336,1.0,non-depressed
1449956863164960768,1.0,non-depressed
1449957046690844672,1.0,non-depressed
1449957405350146048,1.0,non-depressed
1449958186736291840,1.0,non-depressed
1449958774362497024,1.0,non-depressed
1449959427805794304,1.0,non-depressed
1449962123853959168,0.667,non-depressed
1449962187129241600,1.0,non-depressed
1449962318796783616,1.0,non-depressed
1449962368079962112,1.0,non-depressed
1449962531380875264,1.0,non-depressed
1449962831730790400,1.0,non-depressed
1449963652065501184,1.0,non-depressed
1449964834192347136,1.0,non-depressed
1449967454470483968,0.663,mild
1449968011423719424,0.655,mild
1449970933373063168,1.0,non-depressed
1449971296750637056,0.674,non-depressed
1449971531103227904,0.67,non-depressed
1449972218147086336,1.0,non-depressed
1449974198835851264,1.0,non-depressed
1449974700352888832,1.0,non-depressed
1449974905156423680,0.674,non-depressed
1449975991221334016,0.67,non-depressed
1449976123891372032,1.0,non-depressed
1449976358982111232,0.663,non-depressed
1449977107958931456,1.0,non-depressed
1449978935664590848,1.0,non-depressed
1449982952885075968,1.0,non-depressed
1449983290690125824,1.0,non-depressed
1449983528397987840,1.0,non-depressed
1449984473525854208,1.0,non-depressed
1449984474658246656,1.0,non-depressed
1449986257673654272,0.663,non-depressed
1449986980650029056,1.0,non-depressed
1449988321690718208,0.674,non-depressed
1449989039529078784,1.0,non-depressed
1449989522167578624,0.663,non-depressed
1449989993997406208,1.0,non-depressed
1449991310035783680,1.0,non-depressed
1449994114188120064,1.0,non-depressed
1449994350532775936,1.0,non-depressed
1449995218225405952,1.0,non-depressed
1449995551966126080,1.0,non-depressed
1449997143847100416,1.0,non-depressed
1449998476075540480,1.0,non-depressed
1449998695383109632,1.0,non-depressed
1449999350990401536,0.663,non-depressed
1449999515373629440,1.0,non-depressed
1449999743531241472,1.0,non-depressed
1450000118296375296,1.0,non-depressed
1450000505808297984,1.0,non-depressed
1450000926933012480,0.655,mild
1450000985821175808,1.0,non-depressed
1450001295230787584,0.674,non-depressed
1450001523254218752,1.0,non-depressed
1450002399196852224,1.0,non-depressed
1450002457459888128,1.0,non-depressed
1450002637097689088,0.667,non-depressed
1450003440474771456,1.0,non-depressed
1450004207080075264,0.671,non-depressed
1450005862974738432,0.67,non-depressed
1450006144618049536,1.0,non-depressed
1450006324033507328,1.0,non-depressed
1450007499667648512,0.663,non-depressed
1450008225340870656,1.0,non-depressed
1450019571415539712,1.0,non-depressed
1450019878698631168,1.0,non-depressed
1450022637447663616,1.0,non-depressed
1450022899306287104,1.0,non-depressed
1450028159936737280,0.667,non-depressed
1450032665608998912,0.674,non-depressed
1450032804738347008,1.0,non-depressed
1450032849730605056,1.0,non-depressed
1450033672346800128,0.674,non-depressed
1450034075520012288,1.0,non-depressed
1450036965504598016,1.0,non-depressed
1450038343169937408,1.0,non-depressed
1450039287194570752,1.0,non-depressed
1450040239855181824,1.0,non-depressed
1450040898407092224,0.659,non-depressed
1450041840011395072,0.682,non-depressed
1450042314710204416,1.0,non-depressed
1450043046289104896,1.0,non-depressed
1450043835527041024,1.0,non-depressed
1450045991516655616,1.0,non-depressed
1450047480154845184,1.0,non-depressed
1450048988825243648,1.0,non-depressed
1450051333617164288,1.0,non-depressed
1450051351858356224,0.67,non-depressed
1450052626641420288,0.667,non-depressed
1450053828745826304,0.667,mild
1450055728689991680,1.0,non-depressed
1450056727395774464,1.0,non-depressed
1450059209589002240,1.0,non-depressed
1450059499612606464,1.0,non-depressed
1450060180650172416,1.0,non-depressed
1450060314486190080,1.0,non-depressed
1450060898047967232,1.0,non-depressed
1450062115247693824,0.675,non-depressed
1450062189616779264,0.663,non-depressed
1450062468487647232,1.0,non-depressed
1450064115402223616,0.663,mild
1450064484471492608,1.0,non-depressed
1450065099050344448,0.674,non-depressed
1450065471353409536,1.0,non-depressed
1450065766368169984,0.663,non-depressed
1450069068363436032,1.0,non-depressed
1450069238362910720,1.0,non-depressed
1450070182727127040,1.0,non-depressed
1450070681601728512,1.0,non-depressed
1450070805899972608,1.0,non-depressed
1450071647264907264,1.0,non-depressed
1450072113075867648,1.0,non-depressed
1450074129940496384,0.674,non-depressed
1450077752309207040,1.0,non-depressed
1450079734017126400,0.663,non-depressed
1450084173595693056,1.0,non-depressed
1450084402638295040,0.67,non-depressed
1450084580887863296,0.667,non-depressed
16225710910,0.647,non-depressed
29511881849,1.0,non-depressed
653785271176003584,1.0,non-depressed
860078854601416704,1.0,non-depressed
984334129666895872,0.69,non-depressed
